-- MySQL dump 10.13  Distrib 8.0.23, for macos10.15 (x86_64)
--
-- Host: localhost    Database: credit
-- ------------------------------------------------------
-- Server version	8.0.23

/*!40101 SET @OLD_CHARACTER_SET_CLIENT=@@CHARACTER_SET_CLIENT */;
/*!40101 SET @OLD_CHARACTER_SET_RESULTS=@@CHARACTER_SET_RESULTS */;
/*!40101 SET @OLD_COLLATION_CONNECTION=@@COLLATION_CONNECTION */;
/*!50503 SET NAMES utf8mb4 */;
/*!40103 SET @OLD_TIME_ZONE=@@TIME_ZONE */;
/*!40103 SET TIME_ZONE='+00:00' */;
/*!40014 SET @OLD_UNIQUE_CHECKS=@@UNIQUE_CHECKS, UNIQUE_CHECKS=0 */;
/*!40014 SET @OLD_FOREIGN_KEY_CHECKS=@@FOREIGN_KEY_CHECKS, FOREIGN_KEY_CHECKS=0 */;
/*!40101 SET @OLD_SQL_MODE=@@SQL_MODE, SQL_MODE='NO_AUTO_VALUE_ON_ZERO' */;
/*!40111 SET @OLD_SQL_NOTES=@@SQL_NOTES, SQL_NOTES=0 */;

--
-- Table structure for table `categories`
--

DROP TABLE IF EXISTS `categories`;
/*!40101 SET @saved_cs_client     = @@character_set_client */;
/*!50503 SET character_set_client = utf8mb4 */;
CREATE TABLE `categories` (
  `id` smallint unsigned NOT NULL AUTO_INCREMENT,
  `name` varchar(50) COLLATE utf8mb4_unicode_ci NOT NULL,
  `type` varchar(20) COLLATE utf8mb4_unicode_ci NOT NULL,
  `created_at` timestamp NULL DEFAULT NULL,
  `updated_at` timestamp NULL DEFAULT NULL,
  `deleted_at` timestamp NULL DEFAULT NULL,
  PRIMARY KEY (`id`)
) ENGINE=InnoDB AUTO_INCREMENT=26 DEFAULT CHARSET=utf8mb4 COLLATE=utf8mb4_unicode_ci;
/*!40101 SET character_set_client = @saved_cs_client */;

--
-- Dumping data for table `categories`
--

LOCK TABLES `categories` WRITE;
/*!40000 ALTER TABLE `categories` DISABLE KEYS */;
INSERT INTO `categories` VALUES (1,'Samsung','Merk','2025-01-01 08:04:23','2025-01-01 08:04:23',NULL),(2,'Aqua','Merk','2025-01-01 08:04:23','2025-01-01 08:06:10',NULL),(3,'Buah','Unit','2025-01-01 08:04:23','2025-01-01 08:05:22',NULL),(4,'Bal','Unit','2025-01-01 08:11:09','2025-01-01 08:11:09',NULL),(5,'LG','Merk','2025-01-01 09:40:49','2025-01-01 09:40:49',NULL),(6,'Botol','Unit','2025-01-03 04:11:18','2025-01-03 04:11:18',NULL),(7,'Ibu','Hubungan Keluarga','2025-01-18 01:34:06','2025-01-18 01:34:06',NULL),(8,'Ayah','Hubungan Keluarga','2025-01-18 01:34:13','2025-01-18 01:34:13',NULL),(9,'Anak','Hubungan Keluarga','2025-01-18 01:34:47','2025-01-18 01:34:47',NULL),(10,'Kakak','Hubungan Keluarga','2025-01-18 01:34:56','2025-01-18 01:34:56',NULL),(11,'Adik','Hubungan Keluarga','2025-01-18 01:35:06','2025-01-18 01:35:06',NULL),(12,'Sharp','Merk','2025-01-18 01:35:23','2025-01-18 01:35:34',NULL),(13,'90','Tenor','2025-01-18 01:37:45','2025-01-18 01:37:45',NULL),(14,'150','Tenor','2025-01-18 01:37:56','2025-01-18 01:37:56',NULL),(16,'Sepupu','Hubungan Keluarga','2025-01-20 12:20:03','2025-01-20 12:20:03',NULL),(17,'Sales','Kategori User','2025-01-20 15:04:25','2025-01-20 15:04:25',NULL),(18,'Supervisor','Kategori User','2025-01-20 15:04:33','2025-01-20 15:04:33',NULL),(19,'Wasdit','Kategori User','2025-01-20 15:04:49','2025-01-20 15:04:49',NULL),(20,'AR','Kategori User','2025-01-20 15:04:58','2025-01-20 15:04:58',NULL),(21,'Kolektor','Kategori User','2025-01-20 15:05:06','2025-01-20 15:05:06',NULL),(22,'Super Admin','Kategori User','2025-01-20 15:05:57','2025-01-20 15:05:57',NULL),(23,'120','Tenor','2025-02-01 10:35:55','2025-02-01 10:35:55',NULL),(24,'180','Tenor','2025-02-01 10:36:10','2025-02-01 10:36:10',NULL),(25,'Istri','Hubungan Keluarga','2025-01-18 01:35:06','2025-01-18 01:35:06',NULL);
/*!40000 ALTER TABLE `categories` ENABLE KEYS */;
UNLOCK TABLES;

--
-- Table structure for table `companions`
--

DROP TABLE IF EXISTS `companions`;
/*!40101 SET @saved_cs_client     = @@character_set_client */;
/*!50503 SET character_set_client = utf8mb4 */;
CREATE TABLE `companions` (
  `id` bigint unsigned NOT NULL AUTO_INCREMENT,
  `name` varchar(100) COLLATE utf8mb4_unicode_ci NOT NULL,
  `address` varchar(255) COLLATE utf8mb4_unicode_ci NOT NULL,
  `profession` varchar(50) COLLATE utf8mb4_unicode_ci NOT NULL,
  `phone` varchar(15) COLLATE utf8mb4_unicode_ci NOT NULL,
  `relationship_id` smallint unsigned NOT NULL,
  `consumer_id` char(36) COLLATE utf8mb4_unicode_ci DEFAULT NULL,
  `created_at` timestamp NULL DEFAULT NULL,
  `updated_at` timestamp NULL DEFAULT NULL,
  PRIMARY KEY (`id`),
  KEY `companions_consumer_id_foreign` (`consumer_id`),
  KEY `companions_relationship_id_foreign` (`relationship_id`),
  CONSTRAINT `companions_consumer_id_foreign` FOREIGN KEY (`consumer_id`) REFERENCES `consumers` (`id`),
  CONSTRAINT `companions_relationship_id_foreign` FOREIGN KEY (`relationship_id`) REFERENCES `categories` (`id`)
) ENGINE=InnoDB AUTO_INCREMENT=6 DEFAULT CHARSET=utf8mb4 COLLATE=utf8mb4_unicode_ci;
/*!40101 SET character_set_client = @saved_cs_client */;

--
-- Dumping data for table `companions`
--

LOCK TABLES `companions` WRITE;
/*!40000 ALTER TABLE `companions` DISABLE KEYS */;
INSERT INTO `companions` VALUES (2,'Pariatur Occaecat d','Aspernatur sequi qui','Enim quia reprehende','628344343434343',11,'b7050c8e-d1c7-47a8-947e-36431cf7c6c9','2025-01-20 13:02:03','2025-01-20 13:02:03'),(3,'Magna quaerat dolore','In sunt officiis al','Eum nostrud consequa','628143434343443',8,'3a388dc6-81f1-4d91-b17a-5414ad118dbf','2025-01-20 13:03:45','2025-01-20 13:03:45'),(4,'Dolorem non commodo ','Minim laborum Aliqu','Molestiae dolores au','628199000000000',7,'0a5ddb7c-3d74-45bd-a6cd-9844e036493d','2025-01-20 13:05:36','2025-01-20 13:05:36'),(5,'Omnis fuga Vitae et','Placeat necessitati','Sunt illum quisquam','628190000000001',8,'8446224d-c9da-40d6-98c9-b71bdbf50ce1','2025-01-20 14:18:05','2025-01-20 14:18:05');
/*!40000 ALTER TABLE `companions` ENABLE KEYS */;
UNLOCK TABLES;

--
-- Table structure for table `consumers`
--

DROP TABLE IF EXISTS `consumers`;
/*!40101 SET @saved_cs_client     = @@character_set_client */;
/*!50503 SET character_set_client = utf8mb4 */;
CREATE TABLE `consumers` (
  `id` char(36) COLLATE utf8mb4_unicode_ci NOT NULL,
  `name` varchar(100) COLLATE utf8mb4_unicode_ci NOT NULL,
  `nik` varchar(16) COLLATE utf8mb4_unicode_ci NOT NULL,
  `date_of_birth` date NOT NULL,
  `gender` tinyint NOT NULL COMMENT '0: Pria; 1: Wanita',
  `phone` varchar(15) COLLATE utf8mb4_unicode_ci NOT NULL,
  `home_address` varchar(255) COLLATE utf8mb4_unicode_ci NOT NULL,
  `business_type` varchar(255) COLLATE utf8mb4_unicode_ci NOT NULL,
  `business_address` varchar(255) COLLATE utf8mb4_unicode_ci NOT NULL,
  `business_status` varchar(255) COLLATE utf8mb4_unicode_ci NOT NULL,
  `sub_district_code` bigint NOT NULL,
  `radius` float NOT NULL,
  `created_at` timestamp NULL DEFAULT NULL,
  `created_by` char(36) COLLATE utf8mb4_unicode_ci DEFAULT NULL,
  `updated_at` timestamp NULL DEFAULT NULL,
  `updated_by` char(36) COLLATE utf8mb4_unicode_ci DEFAULT NULL,
  `deleted_at` timestamp NULL DEFAULT NULL,
  `deleted_by` char(36) COLLATE utf8mb4_unicode_ci DEFAULT NULL,
  PRIMARY KEY (`id`),
  UNIQUE KEY `consumers_nik_unique` (`nik`),
  UNIQUE KEY `consumers_phone_unique` (`phone`),
  KEY `consumers_created_by_foreign` (`created_by`),
  KEY `consumers_updated_by_foreign` (`updated_by`),
  KEY `consumers_deleted_by_foreign` (`deleted_by`),
  KEY `consumers_sub_district_code_foreign` (`sub_district_code`),
  CONSTRAINT `consumers_created_by_foreign` FOREIGN KEY (`created_by`) REFERENCES `users` (`id`),
  CONSTRAINT `consumers_deleted_by_foreign` FOREIGN KEY (`deleted_by`) REFERENCES `users` (`id`),
  CONSTRAINT `consumers_sub_district_code_foreign` FOREIGN KEY (`sub_district_code`) REFERENCES `sub_districts` (`sub_district_code`),
  CONSTRAINT `consumers_updated_by_foreign` FOREIGN KEY (`updated_by`) REFERENCES `users` (`id`)
) ENGINE=InnoDB DEFAULT CHARSET=utf8mb4 COLLATE=utf8mb4_unicode_ci;
/*!40101 SET character_set_client = @saved_cs_client */;

--
-- Dumping data for table `consumers`
--

LOCK TABLES `consumers` WRITE;
/*!40000 ALTER TABLE `consumers` DISABLE KEYS */;
INSERT INTO `consumers` VALUES ('0a5ddb7c-3d74-45bd-a6cd-9844e036493d','Dolorem mollitia cil','3000003232323232','2015-01-20',0,'628100000011000','Debitis et amet nes','Id voluptas ut nemo ','Eveniet sapiente re','Id deleniti ut molli',3271011014,9.2,'2025-01-20 13:05:36',NULL,'2025-01-20 13:05:36',NULL,NULL,NULL),('3a388dc6-81f1-4d91-b17a-5414ad118dbf','Est dignissimos dolo','1099932948384834','2015-01-20',1,'628434343434343','Dolor et nulla sed i','Cillum velit itaque ','Ratione veritatis op','Id architecto aute s',3201052009,11.3,'2025-01-20 13:03:45',NULL,'2025-01-20 13:03:45',NULL,NULL,NULL),('8446224d-c9da-40d6-98c9-b71bdbf50ce1','Aut quis consectetur','3201260702930009','2010-01-12',0,'628123345400000','Magnam nisi id laud','Eum facilis excepteu','Excepteur consequatu','Enim aut dolore quam',3271061007,1.6,'2025-01-20 14:18:05',NULL,'2025-01-20 14:18:05',NULL,NULL,NULL),('b7050c8e-d1c7-47a8-947e-36431cf7c6c9','Ut est ratione maxim','4234234342342342','2015-01-20',0,'628122433434343','Cupidatat commodi re','Nesciunt facere vol','Excepturi excepteur ','Minima asperiores ul',3201132002,10,'2025-01-20 13:02:03',NULL,'2025-01-20 13:02:03',NULL,NULL,NULL);
/*!40000 ALTER TABLE `consumers` ENABLE KEYS */;
UNLOCK TABLES;

--
-- Table structure for table `failed_jobs`
--

DROP TABLE IF EXISTS `failed_jobs`;
/*!40101 SET @saved_cs_client     = @@character_set_client */;
/*!50503 SET character_set_client = utf8mb4 */;
CREATE TABLE `failed_jobs` (
  `id` bigint unsigned NOT NULL AUTO_INCREMENT,
  `uuid` varchar(255) COLLATE utf8mb4_unicode_ci NOT NULL,
  `connection` text COLLATE utf8mb4_unicode_ci NOT NULL,
  `queue` text COLLATE utf8mb4_unicode_ci NOT NULL,
  `payload` longtext COLLATE utf8mb4_unicode_ci NOT NULL,
  `exception` longtext COLLATE utf8mb4_unicode_ci NOT NULL,
  `failed_at` timestamp NOT NULL DEFAULT CURRENT_TIMESTAMP,
  PRIMARY KEY (`id`),
  UNIQUE KEY `failed_jobs_uuid_unique` (`uuid`)
) ENGINE=InnoDB DEFAULT CHARSET=utf8mb4 COLLATE=utf8mb4_unicode_ci;
/*!40101 SET character_set_client = @saved_cs_client */;

--
-- Dumping data for table `failed_jobs`
--

LOCK TABLES `failed_jobs` WRITE;
/*!40000 ALTER TABLE `failed_jobs` DISABLE KEYS */;
/*!40000 ALTER TABLE `failed_jobs` ENABLE KEYS */;
UNLOCK TABLES;

--
-- Table structure for table `installments`
--

DROP TABLE IF EXISTS `installments`;
/*!40101 SET @saved_cs_client     = @@character_set_client */;
/*!50503 SET character_set_client = utf8mb4 */;
CREATE TABLE `installments` (
  `id` bigint unsigned NOT NULL AUTO_INCREMENT,
  `number` int NOT NULL,
  `bill` double DEFAULT NULL,
  `date_at` date NOT NULL,
  `receivables_registration_id` char(36) COLLATE utf8mb4_unicode_ci NOT NULL,
  `created_at` timestamp NULL DEFAULT NULL,
  `created_by` char(36) COLLATE utf8mb4_unicode_ci DEFAULT NULL,
  `updated_at` timestamp NULL DEFAULT NULL,
  `updated_by` char(36) COLLATE utf8mb4_unicode_ci DEFAULT NULL,
  PRIMARY KEY (`id`),
  UNIQUE KEY `installments_number_receivables_registration_id_unique` (`number`,`receivables_registration_id`),
  KEY `installments_receivables_registration_id_foreign` (`receivables_registration_id`),
  KEY `installments_created_by_foreign` (`created_by`),
  KEY `installments_updated_by_foreign` (`updated_by`),
  CONSTRAINT `installments_created_by_foreign` FOREIGN KEY (`created_by`) REFERENCES `users` (`id`),
  CONSTRAINT `installments_receivables_registration_id_foreign` FOREIGN KEY (`receivables_registration_id`) REFERENCES `receivables_registrations` (`id`),
  CONSTRAINT `installments_updated_by_foreign` FOREIGN KEY (`updated_by`) REFERENCES `users` (`id`)
) ENGINE=InnoDB AUTO_INCREMENT=721 DEFAULT CHARSET=utf8mb4 COLLATE=utf8mb4_unicode_ci;
/*!40101 SET character_set_client = @saved_cs_client */;

--
-- Dumping data for table `installments`
--

LOCK TABLES `installments` WRITE;
/*!40000 ALTER TABLE `installments` DISABLE KEYS */;
INSERT INTO `installments` VALUES (451,1,NULL,'2025-02-01','d931f86f-9b0d-4df4-9f69-d7bf96c5ddb4','2025-01-24 04:16:43','e6faf8c9-c369-4cbb-b99c-f0166ad9da29','2025-01-24 04:16:43','e6faf8c9-c369-4cbb-b99c-f0166ad9da29'),(452,2,NULL,'2025-02-03','d931f86f-9b0d-4df4-9f69-d7bf96c5ddb4','2025-01-24 04:16:43','e6faf8c9-c369-4cbb-b99c-f0166ad9da29','2025-01-24 04:16:43','e6faf8c9-c369-4cbb-b99c-f0166ad9da29'),(453,3,NULL,'2025-02-04','d931f86f-9b0d-4df4-9f69-d7bf96c5ddb4','2025-01-24 04:16:43','e6faf8c9-c369-4cbb-b99c-f0166ad9da29','2025-01-24 04:16:53','e6faf8c9-c369-4cbb-b99c-f0166ad9da29'),(454,4,NULL,'2025-02-05','d931f86f-9b0d-4df4-9f69-d7bf96c5ddb4','2025-01-24 04:16:43','e6faf8c9-c369-4cbb-b99c-f0166ad9da29',NULL,NULL),(455,5,NULL,'2025-02-06','d931f86f-9b0d-4df4-9f69-d7bf96c5ddb4','2025-01-24 04:16:43','e6faf8c9-c369-4cbb-b99c-f0166ad9da29',NULL,NULL),(456,6,NULL,'2025-02-07','d931f86f-9b0d-4df4-9f69-d7bf96c5ddb4','2025-01-24 04:16:43','e6faf8c9-c369-4cbb-b99c-f0166ad9da29',NULL,NULL),(457,7,NULL,'2025-02-08','d931f86f-9b0d-4df4-9f69-d7bf96c5ddb4','2025-01-24 04:16:43','e6faf8c9-c369-4cbb-b99c-f0166ad9da29',NULL,NULL),(458,8,NULL,'2025-02-10','d931f86f-9b0d-4df4-9f69-d7bf96c5ddb4','2025-01-24 04:16:43','e6faf8c9-c369-4cbb-b99c-f0166ad9da29',NULL,NULL),(459,9,NULL,'2025-02-11','d931f86f-9b0d-4df4-9f69-d7bf96c5ddb4','2025-01-24 04:16:43','e6faf8c9-c369-4cbb-b99c-f0166ad9da29',NULL,NULL),(460,10,NULL,'2025-02-12','d931f86f-9b0d-4df4-9f69-d7bf96c5ddb4','2025-01-24 04:16:43','e6faf8c9-c369-4cbb-b99c-f0166ad9da29',NULL,NULL),(461,11,NULL,'2025-02-13','d931f86f-9b0d-4df4-9f69-d7bf96c5ddb4','2025-01-24 04:16:43','e6faf8c9-c369-4cbb-b99c-f0166ad9da29',NULL,NULL),(462,12,NULL,'2025-02-14','d931f86f-9b0d-4df4-9f69-d7bf96c5ddb4','2025-01-24 04:16:43','e6faf8c9-c369-4cbb-b99c-f0166ad9da29',NULL,NULL),(463,13,NULL,'2025-02-15','d931f86f-9b0d-4df4-9f69-d7bf96c5ddb4','2025-01-24 04:16:43','e6faf8c9-c369-4cbb-b99c-f0166ad9da29',NULL,NULL),(464,14,NULL,'2025-02-17','d931f86f-9b0d-4df4-9f69-d7bf96c5ddb4','2025-01-24 04:16:43','e6faf8c9-c369-4cbb-b99c-f0166ad9da29',NULL,NULL),(465,15,NULL,'2025-02-18','d931f86f-9b0d-4df4-9f69-d7bf96c5ddb4','2025-01-24 04:16:43','e6faf8c9-c369-4cbb-b99c-f0166ad9da29',NULL,NULL),(466,16,NULL,'2025-02-19','d931f86f-9b0d-4df4-9f69-d7bf96c5ddb4','2025-01-24 04:16:43','e6faf8c9-c369-4cbb-b99c-f0166ad9da29',NULL,NULL),(467,17,NULL,'2025-02-20','d931f86f-9b0d-4df4-9f69-d7bf96c5ddb4','2025-01-24 04:16:43','e6faf8c9-c369-4cbb-b99c-f0166ad9da29',NULL,NULL),(468,18,NULL,'2025-02-21','d931f86f-9b0d-4df4-9f69-d7bf96c5ddb4','2025-01-24 04:16:43','e6faf8c9-c369-4cbb-b99c-f0166ad9da29',NULL,NULL),(469,19,NULL,'2025-02-22','d931f86f-9b0d-4df4-9f69-d7bf96c5ddb4','2025-01-24 04:16:43','e6faf8c9-c369-4cbb-b99c-f0166ad9da29',NULL,NULL),(470,20,NULL,'2025-02-24','d931f86f-9b0d-4df4-9f69-d7bf96c5ddb4','2025-01-24 04:16:43','e6faf8c9-c369-4cbb-b99c-f0166ad9da29',NULL,NULL),(471,21,NULL,'2025-02-25','d931f86f-9b0d-4df4-9f69-d7bf96c5ddb4','2025-01-24 04:16:43','e6faf8c9-c369-4cbb-b99c-f0166ad9da29',NULL,NULL),(472,22,NULL,'2025-02-26','d931f86f-9b0d-4df4-9f69-d7bf96c5ddb4','2025-01-24 04:16:43','e6faf8c9-c369-4cbb-b99c-f0166ad9da29',NULL,NULL),(473,23,NULL,'2025-02-27','d931f86f-9b0d-4df4-9f69-d7bf96c5ddb4','2025-01-24 04:16:43','e6faf8c9-c369-4cbb-b99c-f0166ad9da29',NULL,NULL),(474,24,NULL,'2025-02-28','d931f86f-9b0d-4df4-9f69-d7bf96c5ddb4','2025-01-24 04:16:43','e6faf8c9-c369-4cbb-b99c-f0166ad9da29',NULL,NULL),(475,25,NULL,'2025-03-01','d931f86f-9b0d-4df4-9f69-d7bf96c5ddb4','2025-01-24 04:16:43','e6faf8c9-c369-4cbb-b99c-f0166ad9da29',NULL,NULL),(476,26,NULL,'2025-03-03','d931f86f-9b0d-4df4-9f69-d7bf96c5ddb4','2025-01-24 04:16:43','e6faf8c9-c369-4cbb-b99c-f0166ad9da29',NULL,NULL),(477,27,NULL,'2025-03-04','d931f86f-9b0d-4df4-9f69-d7bf96c5ddb4','2025-01-24 04:16:43','e6faf8c9-c369-4cbb-b99c-f0166ad9da29',NULL,NULL),(478,28,NULL,'2025-03-05','d931f86f-9b0d-4df4-9f69-d7bf96c5ddb4','2025-01-24 04:16:43','e6faf8c9-c369-4cbb-b99c-f0166ad9da29',NULL,NULL),(479,29,NULL,'2025-03-06','d931f86f-9b0d-4df4-9f69-d7bf96c5ddb4','2025-01-24 04:16:43','e6faf8c9-c369-4cbb-b99c-f0166ad9da29',NULL,NULL),(480,30,NULL,'2025-03-07','d931f86f-9b0d-4df4-9f69-d7bf96c5ddb4','2025-01-24 04:16:43','e6faf8c9-c369-4cbb-b99c-f0166ad9da29',NULL,NULL),(481,31,NULL,'2025-03-08','d931f86f-9b0d-4df4-9f69-d7bf96c5ddb4','2025-01-24 04:16:43','e6faf8c9-c369-4cbb-b99c-f0166ad9da29',NULL,NULL),(482,32,NULL,'2025-03-10','d931f86f-9b0d-4df4-9f69-d7bf96c5ddb4','2025-01-24 04:16:43','e6faf8c9-c369-4cbb-b99c-f0166ad9da29',NULL,NULL),(483,33,NULL,'2025-03-11','d931f86f-9b0d-4df4-9f69-d7bf96c5ddb4','2025-01-24 04:16:43','e6faf8c9-c369-4cbb-b99c-f0166ad9da29',NULL,NULL),(484,34,NULL,'2025-03-12','d931f86f-9b0d-4df4-9f69-d7bf96c5ddb4','2025-01-24 04:16:43','e6faf8c9-c369-4cbb-b99c-f0166ad9da29',NULL,NULL),(485,35,NULL,'2025-03-13','d931f86f-9b0d-4df4-9f69-d7bf96c5ddb4','2025-01-24 04:16:43','e6faf8c9-c369-4cbb-b99c-f0166ad9da29',NULL,NULL),(486,36,NULL,'2025-03-14','d931f86f-9b0d-4df4-9f69-d7bf96c5ddb4','2025-01-24 04:16:43','e6faf8c9-c369-4cbb-b99c-f0166ad9da29',NULL,NULL),(487,37,NULL,'2025-03-15','d931f86f-9b0d-4df4-9f69-d7bf96c5ddb4','2025-01-24 04:16:43','e6faf8c9-c369-4cbb-b99c-f0166ad9da29',NULL,NULL),(488,38,NULL,'2025-03-17','d931f86f-9b0d-4df4-9f69-d7bf96c5ddb4','2025-01-24 04:16:43','e6faf8c9-c369-4cbb-b99c-f0166ad9da29',NULL,NULL),(489,39,NULL,'2025-03-18','d931f86f-9b0d-4df4-9f69-d7bf96c5ddb4','2025-01-24 04:16:43','e6faf8c9-c369-4cbb-b99c-f0166ad9da29',NULL,NULL),(490,40,NULL,'2025-03-19','d931f86f-9b0d-4df4-9f69-d7bf96c5ddb4','2025-01-24 04:16:43','e6faf8c9-c369-4cbb-b99c-f0166ad9da29',NULL,NULL),(491,41,NULL,'2025-03-20','d931f86f-9b0d-4df4-9f69-d7bf96c5ddb4','2025-01-24 04:16:43','e6faf8c9-c369-4cbb-b99c-f0166ad9da29',NULL,NULL),(492,42,NULL,'2025-03-21','d931f86f-9b0d-4df4-9f69-d7bf96c5ddb4','2025-01-24 04:16:43','e6faf8c9-c369-4cbb-b99c-f0166ad9da29',NULL,NULL),(493,43,NULL,'2025-03-22','d931f86f-9b0d-4df4-9f69-d7bf96c5ddb4','2025-01-24 04:16:43','e6faf8c9-c369-4cbb-b99c-f0166ad9da29',NULL,NULL),(494,44,NULL,'2025-03-24','d931f86f-9b0d-4df4-9f69-d7bf96c5ddb4','2025-01-24 04:16:43','e6faf8c9-c369-4cbb-b99c-f0166ad9da29',NULL,NULL),(495,45,NULL,'2025-03-25','d931f86f-9b0d-4df4-9f69-d7bf96c5ddb4','2025-01-24 04:16:43','e6faf8c9-c369-4cbb-b99c-f0166ad9da29',NULL,NULL),(496,46,NULL,'2025-03-26','d931f86f-9b0d-4df4-9f69-d7bf96c5ddb4','2025-01-24 04:16:43','e6faf8c9-c369-4cbb-b99c-f0166ad9da29',NULL,NULL),(497,47,NULL,'2025-03-27','d931f86f-9b0d-4df4-9f69-d7bf96c5ddb4','2025-01-24 04:16:43','e6faf8c9-c369-4cbb-b99c-f0166ad9da29',NULL,NULL),(498,48,NULL,'2025-03-28','d931f86f-9b0d-4df4-9f69-d7bf96c5ddb4','2025-01-24 04:16:43','e6faf8c9-c369-4cbb-b99c-f0166ad9da29',NULL,NULL),(499,49,NULL,'2025-03-29','d931f86f-9b0d-4df4-9f69-d7bf96c5ddb4','2025-01-24 04:16:43','e6faf8c9-c369-4cbb-b99c-f0166ad9da29',NULL,NULL),(500,50,NULL,'2025-03-31','d931f86f-9b0d-4df4-9f69-d7bf96c5ddb4','2025-01-24 04:16:43','e6faf8c9-c369-4cbb-b99c-f0166ad9da29',NULL,NULL),(501,51,NULL,'2025-04-01','d931f86f-9b0d-4df4-9f69-d7bf96c5ddb4','2025-01-24 04:16:43','e6faf8c9-c369-4cbb-b99c-f0166ad9da29',NULL,NULL),(502,52,NULL,'2025-04-02','d931f86f-9b0d-4df4-9f69-d7bf96c5ddb4','2025-01-24 04:16:43','e6faf8c9-c369-4cbb-b99c-f0166ad9da29',NULL,NULL),(503,53,NULL,'2025-04-03','d931f86f-9b0d-4df4-9f69-d7bf96c5ddb4','2025-01-24 04:16:43','e6faf8c9-c369-4cbb-b99c-f0166ad9da29',NULL,NULL),(504,54,NULL,'2025-04-04','d931f86f-9b0d-4df4-9f69-d7bf96c5ddb4','2025-01-24 04:16:43','e6faf8c9-c369-4cbb-b99c-f0166ad9da29',NULL,NULL),(505,55,NULL,'2025-04-05','d931f86f-9b0d-4df4-9f69-d7bf96c5ddb4','2025-01-24 04:16:43','e6faf8c9-c369-4cbb-b99c-f0166ad9da29',NULL,NULL),(506,56,NULL,'2025-04-07','d931f86f-9b0d-4df4-9f69-d7bf96c5ddb4','2025-01-24 04:16:43','e6faf8c9-c369-4cbb-b99c-f0166ad9da29',NULL,NULL),(507,57,NULL,'2025-04-08','d931f86f-9b0d-4df4-9f69-d7bf96c5ddb4','2025-01-24 04:16:43','e6faf8c9-c369-4cbb-b99c-f0166ad9da29',NULL,NULL),(508,58,NULL,'2025-04-09','d931f86f-9b0d-4df4-9f69-d7bf96c5ddb4','2025-01-24 04:16:43','e6faf8c9-c369-4cbb-b99c-f0166ad9da29',NULL,NULL),(509,59,NULL,'2025-04-10','d931f86f-9b0d-4df4-9f69-d7bf96c5ddb4','2025-01-24 04:16:43','e6faf8c9-c369-4cbb-b99c-f0166ad9da29',NULL,NULL),(510,60,NULL,'2025-04-11','d931f86f-9b0d-4df4-9f69-d7bf96c5ddb4','2025-01-24 04:16:43','e6faf8c9-c369-4cbb-b99c-f0166ad9da29',NULL,NULL),(511,61,NULL,'2025-04-12','d931f86f-9b0d-4df4-9f69-d7bf96c5ddb4','2025-01-24 04:16:43','e6faf8c9-c369-4cbb-b99c-f0166ad9da29',NULL,NULL),(512,62,NULL,'2025-04-14','d931f86f-9b0d-4df4-9f69-d7bf96c5ddb4','2025-01-24 04:16:43','e6faf8c9-c369-4cbb-b99c-f0166ad9da29',NULL,NULL),(513,63,NULL,'2025-04-15','d931f86f-9b0d-4df4-9f69-d7bf96c5ddb4','2025-01-24 04:16:43','e6faf8c9-c369-4cbb-b99c-f0166ad9da29',NULL,NULL),(514,64,NULL,'2025-04-16','d931f86f-9b0d-4df4-9f69-d7bf96c5ddb4','2025-01-24 04:16:43','e6faf8c9-c369-4cbb-b99c-f0166ad9da29',NULL,NULL),(515,65,NULL,'2025-04-17','d931f86f-9b0d-4df4-9f69-d7bf96c5ddb4','2025-01-24 04:16:43','e6faf8c9-c369-4cbb-b99c-f0166ad9da29',NULL,NULL),(516,66,NULL,'2025-04-18','d931f86f-9b0d-4df4-9f69-d7bf96c5ddb4','2025-01-24 04:16:43','e6faf8c9-c369-4cbb-b99c-f0166ad9da29',NULL,NULL),(517,67,NULL,'2025-04-19','d931f86f-9b0d-4df4-9f69-d7bf96c5ddb4','2025-01-24 04:16:43','e6faf8c9-c369-4cbb-b99c-f0166ad9da29',NULL,NULL),(518,68,NULL,'2025-04-21','d931f86f-9b0d-4df4-9f69-d7bf96c5ddb4','2025-01-24 04:16:43','e6faf8c9-c369-4cbb-b99c-f0166ad9da29',NULL,NULL),(519,69,NULL,'2025-04-22','d931f86f-9b0d-4df4-9f69-d7bf96c5ddb4','2025-01-24 04:16:43','e6faf8c9-c369-4cbb-b99c-f0166ad9da29',NULL,NULL),(520,70,NULL,'2025-04-23','d931f86f-9b0d-4df4-9f69-d7bf96c5ddb4','2025-01-24 04:16:43','e6faf8c9-c369-4cbb-b99c-f0166ad9da29',NULL,NULL),(521,71,NULL,'2025-04-24','d931f86f-9b0d-4df4-9f69-d7bf96c5ddb4','2025-01-24 04:16:43','e6faf8c9-c369-4cbb-b99c-f0166ad9da29',NULL,NULL),(522,72,NULL,'2025-04-25','d931f86f-9b0d-4df4-9f69-d7bf96c5ddb4','2025-01-24 04:16:43','e6faf8c9-c369-4cbb-b99c-f0166ad9da29',NULL,NULL),(523,73,NULL,'2025-04-26','d931f86f-9b0d-4df4-9f69-d7bf96c5ddb4','2025-01-24 04:16:43','e6faf8c9-c369-4cbb-b99c-f0166ad9da29',NULL,NULL),(524,74,NULL,'2025-04-28','d931f86f-9b0d-4df4-9f69-d7bf96c5ddb4','2025-01-24 04:16:43','e6faf8c9-c369-4cbb-b99c-f0166ad9da29',NULL,NULL),(525,75,NULL,'2025-04-29','d931f86f-9b0d-4df4-9f69-d7bf96c5ddb4','2025-01-24 04:16:43','e6faf8c9-c369-4cbb-b99c-f0166ad9da29',NULL,NULL),(526,76,NULL,'2025-04-30','d931f86f-9b0d-4df4-9f69-d7bf96c5ddb4','2025-01-24 04:16:43','e6faf8c9-c369-4cbb-b99c-f0166ad9da29',NULL,NULL),(527,77,NULL,'2025-05-01','d931f86f-9b0d-4df4-9f69-d7bf96c5ddb4','2025-01-24 04:16:43','e6faf8c9-c369-4cbb-b99c-f0166ad9da29',NULL,NULL),(528,78,NULL,'2025-05-02','d931f86f-9b0d-4df4-9f69-d7bf96c5ddb4','2025-01-24 04:16:43','e6faf8c9-c369-4cbb-b99c-f0166ad9da29',NULL,NULL),(529,79,NULL,'2025-05-03','d931f86f-9b0d-4df4-9f69-d7bf96c5ddb4','2025-01-24 04:16:43','e6faf8c9-c369-4cbb-b99c-f0166ad9da29',NULL,NULL),(530,80,NULL,'2025-05-05','d931f86f-9b0d-4df4-9f69-d7bf96c5ddb4','2025-01-24 04:16:43','e6faf8c9-c369-4cbb-b99c-f0166ad9da29',NULL,NULL),(531,81,NULL,'2025-05-06','d931f86f-9b0d-4df4-9f69-d7bf96c5ddb4','2025-01-24 04:16:43','e6faf8c9-c369-4cbb-b99c-f0166ad9da29',NULL,NULL),(532,82,NULL,'2025-05-07','d931f86f-9b0d-4df4-9f69-d7bf96c5ddb4','2025-01-24 04:16:43','e6faf8c9-c369-4cbb-b99c-f0166ad9da29',NULL,NULL),(533,83,NULL,'2025-05-08','d931f86f-9b0d-4df4-9f69-d7bf96c5ddb4','2025-01-24 04:16:43','e6faf8c9-c369-4cbb-b99c-f0166ad9da29',NULL,NULL),(534,84,NULL,'2025-05-09','d931f86f-9b0d-4df4-9f69-d7bf96c5ddb4','2025-01-24 04:16:43','e6faf8c9-c369-4cbb-b99c-f0166ad9da29',NULL,NULL),(535,85,NULL,'2025-05-10','d931f86f-9b0d-4df4-9f69-d7bf96c5ddb4','2025-01-24 04:16:43','e6faf8c9-c369-4cbb-b99c-f0166ad9da29',NULL,NULL),(536,86,NULL,'2025-05-12','d931f86f-9b0d-4df4-9f69-d7bf96c5ddb4','2025-01-24 04:16:43','e6faf8c9-c369-4cbb-b99c-f0166ad9da29',NULL,NULL),(537,87,NULL,'2025-05-13','d931f86f-9b0d-4df4-9f69-d7bf96c5ddb4','2025-01-24 04:16:43','e6faf8c9-c369-4cbb-b99c-f0166ad9da29',NULL,NULL),(538,88,NULL,'2025-05-14','d931f86f-9b0d-4df4-9f69-d7bf96c5ddb4','2025-01-24 04:16:43','e6faf8c9-c369-4cbb-b99c-f0166ad9da29',NULL,NULL),(539,89,NULL,'2025-05-15','d931f86f-9b0d-4df4-9f69-d7bf96c5ddb4','2025-01-24 04:16:43','e6faf8c9-c369-4cbb-b99c-f0166ad9da29',NULL,NULL),(540,90,NULL,'2025-05-16','d931f86f-9b0d-4df4-9f69-d7bf96c5ddb4','2025-01-24 04:16:43','e6faf8c9-c369-4cbb-b99c-f0166ad9da29',NULL,NULL),(541,1,NULL,'2025-02-04','63b0d4d6-ab00-44f7-bbe8-3f2a985dc07a','2025-02-01 10:39:49','e6faf8c9-c369-4cbb-b99c-f0166ad9da29','2025-02-01 10:39:49','e6faf8c9-c369-4cbb-b99c-f0166ad9da29'),(542,2,NULL,'2025-02-05','63b0d4d6-ab00-44f7-bbe8-3f2a985dc07a','2025-02-01 10:39:49','e6faf8c9-c369-4cbb-b99c-f0166ad9da29','2025-02-01 10:39:49','e6faf8c9-c369-4cbb-b99c-f0166ad9da29'),(543,3,NULL,'2025-02-06','63b0d4d6-ab00-44f7-bbe8-3f2a985dc07a','2025-02-01 10:39:49','e6faf8c9-c369-4cbb-b99c-f0166ad9da29','2025-02-01 10:40:32','e6faf8c9-c369-4cbb-b99c-f0166ad9da29'),(544,4,NULL,'2025-02-07','63b0d4d6-ab00-44f7-bbe8-3f2a985dc07a','2025-02-01 10:39:49','e6faf8c9-c369-4cbb-b99c-f0166ad9da29','2025-02-01 10:40:32','e6faf8c9-c369-4cbb-b99c-f0166ad9da29'),(545,5,NULL,'2025-02-08','63b0d4d6-ab00-44f7-bbe8-3f2a985dc07a','2025-02-01 10:39:49','e6faf8c9-c369-4cbb-b99c-f0166ad9da29','2025-02-01 10:40:32','e6faf8c9-c369-4cbb-b99c-f0166ad9da29'),(546,6,NULL,'2025-02-10','63b0d4d6-ab00-44f7-bbe8-3f2a985dc07a','2025-02-01 10:39:49','e6faf8c9-c369-4cbb-b99c-f0166ad9da29','2025-02-01 10:40:32','e6faf8c9-c369-4cbb-b99c-f0166ad9da29'),(547,7,NULL,'2025-02-11','63b0d4d6-ab00-44f7-bbe8-3f2a985dc07a','2025-02-01 10:39:49','e6faf8c9-c369-4cbb-b99c-f0166ad9da29','2025-02-01 10:40:32','e6faf8c9-c369-4cbb-b99c-f0166ad9da29'),(548,8,NULL,'2025-02-12','63b0d4d6-ab00-44f7-bbe8-3f2a985dc07a','2025-02-01 10:39:49','e6faf8c9-c369-4cbb-b99c-f0166ad9da29',NULL,NULL),(549,9,NULL,'2025-02-13','63b0d4d6-ab00-44f7-bbe8-3f2a985dc07a','2025-02-01 10:39:49','e6faf8c9-c369-4cbb-b99c-f0166ad9da29',NULL,NULL),(550,10,NULL,'2025-02-14','63b0d4d6-ab00-44f7-bbe8-3f2a985dc07a','2025-02-01 10:39:49','e6faf8c9-c369-4cbb-b99c-f0166ad9da29',NULL,NULL),(551,11,NULL,'2025-02-15','63b0d4d6-ab00-44f7-bbe8-3f2a985dc07a','2025-02-01 10:39:49','e6faf8c9-c369-4cbb-b99c-f0166ad9da29',NULL,NULL),(552,12,NULL,'2025-02-17','63b0d4d6-ab00-44f7-bbe8-3f2a985dc07a','2025-02-01 10:39:49','e6faf8c9-c369-4cbb-b99c-f0166ad9da29',NULL,NULL),(553,13,NULL,'2025-02-18','63b0d4d6-ab00-44f7-bbe8-3f2a985dc07a','2025-02-01 10:39:49','e6faf8c9-c369-4cbb-b99c-f0166ad9da29',NULL,NULL),(554,14,NULL,'2025-02-19','63b0d4d6-ab00-44f7-bbe8-3f2a985dc07a','2025-02-01 10:39:49','e6faf8c9-c369-4cbb-b99c-f0166ad9da29',NULL,NULL),(555,15,NULL,'2025-02-20','63b0d4d6-ab00-44f7-bbe8-3f2a985dc07a','2025-02-01 10:39:49','e6faf8c9-c369-4cbb-b99c-f0166ad9da29',NULL,NULL),(556,16,NULL,'2025-02-21','63b0d4d6-ab00-44f7-bbe8-3f2a985dc07a','2025-02-01 10:39:49','e6faf8c9-c369-4cbb-b99c-f0166ad9da29',NULL,NULL),(557,17,NULL,'2025-02-22','63b0d4d6-ab00-44f7-bbe8-3f2a985dc07a','2025-02-01 10:39:49','e6faf8c9-c369-4cbb-b99c-f0166ad9da29',NULL,NULL),(558,18,NULL,'2025-02-24','63b0d4d6-ab00-44f7-bbe8-3f2a985dc07a','2025-02-01 10:39:49','e6faf8c9-c369-4cbb-b99c-f0166ad9da29',NULL,NULL),(559,19,NULL,'2025-02-25','63b0d4d6-ab00-44f7-bbe8-3f2a985dc07a','2025-02-01 10:39:49','e6faf8c9-c369-4cbb-b99c-f0166ad9da29',NULL,NULL),(560,20,NULL,'2025-02-26','63b0d4d6-ab00-44f7-bbe8-3f2a985dc07a','2025-02-01 10:39:49','e6faf8c9-c369-4cbb-b99c-f0166ad9da29',NULL,NULL),(561,21,NULL,'2025-02-27','63b0d4d6-ab00-44f7-bbe8-3f2a985dc07a','2025-02-01 10:39:49','e6faf8c9-c369-4cbb-b99c-f0166ad9da29',NULL,NULL),(562,22,NULL,'2025-02-28','63b0d4d6-ab00-44f7-bbe8-3f2a985dc07a','2025-02-01 10:39:49','e6faf8c9-c369-4cbb-b99c-f0166ad9da29',NULL,NULL),(563,23,NULL,'2025-03-01','63b0d4d6-ab00-44f7-bbe8-3f2a985dc07a','2025-02-01 10:39:49','e6faf8c9-c369-4cbb-b99c-f0166ad9da29',NULL,NULL),(564,24,NULL,'2025-03-03','63b0d4d6-ab00-44f7-bbe8-3f2a985dc07a','2025-02-01 10:39:49','e6faf8c9-c369-4cbb-b99c-f0166ad9da29',NULL,NULL),(565,25,NULL,'2025-03-04','63b0d4d6-ab00-44f7-bbe8-3f2a985dc07a','2025-02-01 10:39:49','e6faf8c9-c369-4cbb-b99c-f0166ad9da29',NULL,NULL),(566,26,NULL,'2025-03-05','63b0d4d6-ab00-44f7-bbe8-3f2a985dc07a','2025-02-01 10:39:49','e6faf8c9-c369-4cbb-b99c-f0166ad9da29',NULL,NULL),(567,27,NULL,'2025-03-06','63b0d4d6-ab00-44f7-bbe8-3f2a985dc07a','2025-02-01 10:39:49','e6faf8c9-c369-4cbb-b99c-f0166ad9da29',NULL,NULL),(568,28,NULL,'2025-03-07','63b0d4d6-ab00-44f7-bbe8-3f2a985dc07a','2025-02-01 10:39:49','e6faf8c9-c369-4cbb-b99c-f0166ad9da29',NULL,NULL),(569,29,NULL,'2025-03-08','63b0d4d6-ab00-44f7-bbe8-3f2a985dc07a','2025-02-01 10:39:49','e6faf8c9-c369-4cbb-b99c-f0166ad9da29',NULL,NULL),(570,30,NULL,'2025-03-10','63b0d4d6-ab00-44f7-bbe8-3f2a985dc07a','2025-02-01 10:39:49','e6faf8c9-c369-4cbb-b99c-f0166ad9da29',NULL,NULL),(571,31,NULL,'2025-03-11','63b0d4d6-ab00-44f7-bbe8-3f2a985dc07a','2025-02-01 10:39:49','e6faf8c9-c369-4cbb-b99c-f0166ad9da29',NULL,NULL),(572,32,NULL,'2025-03-12','63b0d4d6-ab00-44f7-bbe8-3f2a985dc07a','2025-02-01 10:39:49','e6faf8c9-c369-4cbb-b99c-f0166ad9da29',NULL,NULL),(573,33,NULL,'2025-03-13','63b0d4d6-ab00-44f7-bbe8-3f2a985dc07a','2025-02-01 10:39:49','e6faf8c9-c369-4cbb-b99c-f0166ad9da29',NULL,NULL),(574,34,NULL,'2025-03-14','63b0d4d6-ab00-44f7-bbe8-3f2a985dc07a','2025-02-01 10:39:49','e6faf8c9-c369-4cbb-b99c-f0166ad9da29',NULL,NULL),(575,35,NULL,'2025-03-15','63b0d4d6-ab00-44f7-bbe8-3f2a985dc07a','2025-02-01 10:39:49','e6faf8c9-c369-4cbb-b99c-f0166ad9da29',NULL,NULL),(576,36,NULL,'2025-03-17','63b0d4d6-ab00-44f7-bbe8-3f2a985dc07a','2025-02-01 10:39:49','e6faf8c9-c369-4cbb-b99c-f0166ad9da29',NULL,NULL),(577,37,NULL,'2025-03-18','63b0d4d6-ab00-44f7-bbe8-3f2a985dc07a','2025-02-01 10:39:49','e6faf8c9-c369-4cbb-b99c-f0166ad9da29',NULL,NULL),(578,38,NULL,'2025-03-19','63b0d4d6-ab00-44f7-bbe8-3f2a985dc07a','2025-02-01 10:39:49','e6faf8c9-c369-4cbb-b99c-f0166ad9da29',NULL,NULL),(579,39,NULL,'2025-03-20','63b0d4d6-ab00-44f7-bbe8-3f2a985dc07a','2025-02-01 10:39:49','e6faf8c9-c369-4cbb-b99c-f0166ad9da29',NULL,NULL),(580,40,NULL,'2025-03-21','63b0d4d6-ab00-44f7-bbe8-3f2a985dc07a','2025-02-01 10:39:49','e6faf8c9-c369-4cbb-b99c-f0166ad9da29',NULL,NULL),(581,41,NULL,'2025-03-22','63b0d4d6-ab00-44f7-bbe8-3f2a985dc07a','2025-02-01 10:39:49','e6faf8c9-c369-4cbb-b99c-f0166ad9da29',NULL,NULL),(582,42,NULL,'2025-03-24','63b0d4d6-ab00-44f7-bbe8-3f2a985dc07a','2025-02-01 10:39:49','e6faf8c9-c369-4cbb-b99c-f0166ad9da29',NULL,NULL),(583,43,NULL,'2025-03-25','63b0d4d6-ab00-44f7-bbe8-3f2a985dc07a','2025-02-01 10:39:49','e6faf8c9-c369-4cbb-b99c-f0166ad9da29',NULL,NULL),(584,44,NULL,'2025-03-26','63b0d4d6-ab00-44f7-bbe8-3f2a985dc07a','2025-02-01 10:39:49','e6faf8c9-c369-4cbb-b99c-f0166ad9da29',NULL,NULL),(585,45,NULL,'2025-03-27','63b0d4d6-ab00-44f7-bbe8-3f2a985dc07a','2025-02-01 10:39:49','e6faf8c9-c369-4cbb-b99c-f0166ad9da29',NULL,NULL),(586,46,NULL,'2025-03-28','63b0d4d6-ab00-44f7-bbe8-3f2a985dc07a','2025-02-01 10:39:49','e6faf8c9-c369-4cbb-b99c-f0166ad9da29',NULL,NULL),(587,47,NULL,'2025-03-29','63b0d4d6-ab00-44f7-bbe8-3f2a985dc07a','2025-02-01 10:39:49','e6faf8c9-c369-4cbb-b99c-f0166ad9da29',NULL,NULL),(588,48,NULL,'2025-03-31','63b0d4d6-ab00-44f7-bbe8-3f2a985dc07a','2025-02-01 10:39:49','e6faf8c9-c369-4cbb-b99c-f0166ad9da29',NULL,NULL),(589,49,NULL,'2025-04-01','63b0d4d6-ab00-44f7-bbe8-3f2a985dc07a','2025-02-01 10:39:49','e6faf8c9-c369-4cbb-b99c-f0166ad9da29',NULL,NULL),(590,50,NULL,'2025-04-02','63b0d4d6-ab00-44f7-bbe8-3f2a985dc07a','2025-02-01 10:39:49','e6faf8c9-c369-4cbb-b99c-f0166ad9da29',NULL,NULL),(591,51,NULL,'2025-04-03','63b0d4d6-ab00-44f7-bbe8-3f2a985dc07a','2025-02-01 10:39:49','e6faf8c9-c369-4cbb-b99c-f0166ad9da29',NULL,NULL),(592,52,NULL,'2025-04-04','63b0d4d6-ab00-44f7-bbe8-3f2a985dc07a','2025-02-01 10:39:49','e6faf8c9-c369-4cbb-b99c-f0166ad9da29',NULL,NULL),(593,53,NULL,'2025-04-05','63b0d4d6-ab00-44f7-bbe8-3f2a985dc07a','2025-02-01 10:39:49','e6faf8c9-c369-4cbb-b99c-f0166ad9da29',NULL,NULL),(594,54,NULL,'2025-04-07','63b0d4d6-ab00-44f7-bbe8-3f2a985dc07a','2025-02-01 10:39:49','e6faf8c9-c369-4cbb-b99c-f0166ad9da29',NULL,NULL),(595,55,NULL,'2025-04-08','63b0d4d6-ab00-44f7-bbe8-3f2a985dc07a','2025-02-01 10:39:49','e6faf8c9-c369-4cbb-b99c-f0166ad9da29',NULL,NULL),(596,56,NULL,'2025-04-09','63b0d4d6-ab00-44f7-bbe8-3f2a985dc07a','2025-02-01 10:39:49','e6faf8c9-c369-4cbb-b99c-f0166ad9da29',NULL,NULL),(597,57,NULL,'2025-04-10','63b0d4d6-ab00-44f7-bbe8-3f2a985dc07a','2025-02-01 10:39:49','e6faf8c9-c369-4cbb-b99c-f0166ad9da29',NULL,NULL),(598,58,NULL,'2025-04-11','63b0d4d6-ab00-44f7-bbe8-3f2a985dc07a','2025-02-01 10:39:49','e6faf8c9-c369-4cbb-b99c-f0166ad9da29',NULL,NULL),(599,59,NULL,'2025-04-12','63b0d4d6-ab00-44f7-bbe8-3f2a985dc07a','2025-02-01 10:39:49','e6faf8c9-c369-4cbb-b99c-f0166ad9da29',NULL,NULL),(600,60,NULL,'2025-04-14','63b0d4d6-ab00-44f7-bbe8-3f2a985dc07a','2025-02-01 10:39:49','e6faf8c9-c369-4cbb-b99c-f0166ad9da29',NULL,NULL),(601,61,NULL,'2025-04-15','63b0d4d6-ab00-44f7-bbe8-3f2a985dc07a','2025-02-01 10:39:49','e6faf8c9-c369-4cbb-b99c-f0166ad9da29',NULL,NULL),(602,62,NULL,'2025-04-16','63b0d4d6-ab00-44f7-bbe8-3f2a985dc07a','2025-02-01 10:39:49','e6faf8c9-c369-4cbb-b99c-f0166ad9da29',NULL,NULL),(603,63,NULL,'2025-04-17','63b0d4d6-ab00-44f7-bbe8-3f2a985dc07a','2025-02-01 10:39:49','e6faf8c9-c369-4cbb-b99c-f0166ad9da29',NULL,NULL),(604,64,NULL,'2025-04-18','63b0d4d6-ab00-44f7-bbe8-3f2a985dc07a','2025-02-01 10:39:49','e6faf8c9-c369-4cbb-b99c-f0166ad9da29',NULL,NULL),(605,65,NULL,'2025-04-19','63b0d4d6-ab00-44f7-bbe8-3f2a985dc07a','2025-02-01 10:39:49','e6faf8c9-c369-4cbb-b99c-f0166ad9da29',NULL,NULL),(606,66,NULL,'2025-04-21','63b0d4d6-ab00-44f7-bbe8-3f2a985dc07a','2025-02-01 10:39:49','e6faf8c9-c369-4cbb-b99c-f0166ad9da29',NULL,NULL),(607,67,NULL,'2025-04-22','63b0d4d6-ab00-44f7-bbe8-3f2a985dc07a','2025-02-01 10:39:49','e6faf8c9-c369-4cbb-b99c-f0166ad9da29',NULL,NULL),(608,68,NULL,'2025-04-23','63b0d4d6-ab00-44f7-bbe8-3f2a985dc07a','2025-02-01 10:39:49','e6faf8c9-c369-4cbb-b99c-f0166ad9da29',NULL,NULL),(609,69,NULL,'2025-04-24','63b0d4d6-ab00-44f7-bbe8-3f2a985dc07a','2025-02-01 10:39:49','e6faf8c9-c369-4cbb-b99c-f0166ad9da29',NULL,NULL),(610,70,NULL,'2025-04-25','63b0d4d6-ab00-44f7-bbe8-3f2a985dc07a','2025-02-01 10:39:49','e6faf8c9-c369-4cbb-b99c-f0166ad9da29',NULL,NULL),(611,71,NULL,'2025-04-26','63b0d4d6-ab00-44f7-bbe8-3f2a985dc07a','2025-02-01 10:39:49','e6faf8c9-c369-4cbb-b99c-f0166ad9da29',NULL,NULL),(612,72,NULL,'2025-04-28','63b0d4d6-ab00-44f7-bbe8-3f2a985dc07a','2025-02-01 10:39:49','e6faf8c9-c369-4cbb-b99c-f0166ad9da29',NULL,NULL),(613,73,NULL,'2025-04-29','63b0d4d6-ab00-44f7-bbe8-3f2a985dc07a','2025-02-01 10:39:49','e6faf8c9-c369-4cbb-b99c-f0166ad9da29',NULL,NULL),(614,74,NULL,'2025-04-30','63b0d4d6-ab00-44f7-bbe8-3f2a985dc07a','2025-02-01 10:39:49','e6faf8c9-c369-4cbb-b99c-f0166ad9da29',NULL,NULL),(615,75,NULL,'2025-05-01','63b0d4d6-ab00-44f7-bbe8-3f2a985dc07a','2025-02-01 10:39:49','e6faf8c9-c369-4cbb-b99c-f0166ad9da29',NULL,NULL),(616,76,NULL,'2025-05-02','63b0d4d6-ab00-44f7-bbe8-3f2a985dc07a','2025-02-01 10:39:49','e6faf8c9-c369-4cbb-b99c-f0166ad9da29',NULL,NULL),(617,77,NULL,'2025-05-03','63b0d4d6-ab00-44f7-bbe8-3f2a985dc07a','2025-02-01 10:39:49','e6faf8c9-c369-4cbb-b99c-f0166ad9da29',NULL,NULL),(618,78,NULL,'2025-05-05','63b0d4d6-ab00-44f7-bbe8-3f2a985dc07a','2025-02-01 10:39:49','e6faf8c9-c369-4cbb-b99c-f0166ad9da29',NULL,NULL),(619,79,NULL,'2025-05-06','63b0d4d6-ab00-44f7-bbe8-3f2a985dc07a','2025-02-01 10:39:49','e6faf8c9-c369-4cbb-b99c-f0166ad9da29',NULL,NULL),(620,80,NULL,'2025-05-07','63b0d4d6-ab00-44f7-bbe8-3f2a985dc07a','2025-02-01 10:39:49','e6faf8c9-c369-4cbb-b99c-f0166ad9da29',NULL,NULL),(621,81,NULL,'2025-05-08','63b0d4d6-ab00-44f7-bbe8-3f2a985dc07a','2025-02-01 10:39:49','e6faf8c9-c369-4cbb-b99c-f0166ad9da29',NULL,NULL),(622,82,NULL,'2025-05-09','63b0d4d6-ab00-44f7-bbe8-3f2a985dc07a','2025-02-01 10:39:49','e6faf8c9-c369-4cbb-b99c-f0166ad9da29',NULL,NULL),(623,83,NULL,'2025-05-10','63b0d4d6-ab00-44f7-bbe8-3f2a985dc07a','2025-02-01 10:39:49','e6faf8c9-c369-4cbb-b99c-f0166ad9da29',NULL,NULL),(624,84,NULL,'2025-05-12','63b0d4d6-ab00-44f7-bbe8-3f2a985dc07a','2025-02-01 10:39:49','e6faf8c9-c369-4cbb-b99c-f0166ad9da29',NULL,NULL),(625,85,NULL,'2025-05-13','63b0d4d6-ab00-44f7-bbe8-3f2a985dc07a','2025-02-01 10:39:49','e6faf8c9-c369-4cbb-b99c-f0166ad9da29',NULL,NULL),(626,86,NULL,'2025-05-14','63b0d4d6-ab00-44f7-bbe8-3f2a985dc07a','2025-02-01 10:39:49','e6faf8c9-c369-4cbb-b99c-f0166ad9da29',NULL,NULL),(627,87,NULL,'2025-05-15','63b0d4d6-ab00-44f7-bbe8-3f2a985dc07a','2025-02-01 10:39:49','e6faf8c9-c369-4cbb-b99c-f0166ad9da29',NULL,NULL),(628,88,NULL,'2025-05-16','63b0d4d6-ab00-44f7-bbe8-3f2a985dc07a','2025-02-01 10:39:49','e6faf8c9-c369-4cbb-b99c-f0166ad9da29',NULL,NULL),(629,89,NULL,'2025-05-17','63b0d4d6-ab00-44f7-bbe8-3f2a985dc07a','2025-02-01 10:39:49','e6faf8c9-c369-4cbb-b99c-f0166ad9da29',NULL,NULL),(630,90,NULL,'2025-05-19','63b0d4d6-ab00-44f7-bbe8-3f2a985dc07a','2025-02-01 10:39:49','e6faf8c9-c369-4cbb-b99c-f0166ad9da29',NULL,NULL),(631,1,NULL,'2025-04-12','13803fa9-0fbf-4462-b32c-ac29efb264c2','2025-04-12 07:17:20','e6faf8c9-c369-4cbb-b99c-f0166ad9da29','2025-04-12 07:17:20','e6faf8c9-c369-4cbb-b99c-f0166ad9da29'),(632,2,NULL,'2025-04-14','13803fa9-0fbf-4462-b32c-ac29efb264c2','2025-04-12 07:17:20','e6faf8c9-c369-4cbb-b99c-f0166ad9da29','2025-04-12 07:17:20','e6faf8c9-c369-4cbb-b99c-f0166ad9da29'),(633,3,NULL,'2025-04-15','13803fa9-0fbf-4462-b32c-ac29efb264c2','2025-04-12 07:17:20','e6faf8c9-c369-4cbb-b99c-f0166ad9da29',NULL,NULL),(634,4,NULL,'2025-04-16','13803fa9-0fbf-4462-b32c-ac29efb264c2','2025-04-12 07:17:20','e6faf8c9-c369-4cbb-b99c-f0166ad9da29',NULL,NULL),(635,5,NULL,'2025-04-17','13803fa9-0fbf-4462-b32c-ac29efb264c2','2025-04-12 07:17:20','e6faf8c9-c369-4cbb-b99c-f0166ad9da29',NULL,NULL),(636,6,NULL,'2025-04-18','13803fa9-0fbf-4462-b32c-ac29efb264c2','2025-04-12 07:17:20','e6faf8c9-c369-4cbb-b99c-f0166ad9da29',NULL,NULL),(637,7,NULL,'2025-04-19','13803fa9-0fbf-4462-b32c-ac29efb264c2','2025-04-12 07:17:20','e6faf8c9-c369-4cbb-b99c-f0166ad9da29',NULL,NULL),(638,8,NULL,'2025-04-21','13803fa9-0fbf-4462-b32c-ac29efb264c2','2025-04-12 07:17:20','e6faf8c9-c369-4cbb-b99c-f0166ad9da29',NULL,NULL),(639,9,NULL,'2025-04-22','13803fa9-0fbf-4462-b32c-ac29efb264c2','2025-04-12 07:17:20','e6faf8c9-c369-4cbb-b99c-f0166ad9da29',NULL,NULL),(640,10,NULL,'2025-04-23','13803fa9-0fbf-4462-b32c-ac29efb264c2','2025-04-12 07:17:20','e6faf8c9-c369-4cbb-b99c-f0166ad9da29',NULL,NULL),(641,11,NULL,'2025-04-24','13803fa9-0fbf-4462-b32c-ac29efb264c2','2025-04-12 07:17:20','e6faf8c9-c369-4cbb-b99c-f0166ad9da29',NULL,NULL),(642,12,NULL,'2025-04-25','13803fa9-0fbf-4462-b32c-ac29efb264c2','2025-04-12 07:17:20','e6faf8c9-c369-4cbb-b99c-f0166ad9da29',NULL,NULL),(643,13,NULL,'2025-04-26','13803fa9-0fbf-4462-b32c-ac29efb264c2','2025-04-12 07:17:20','e6faf8c9-c369-4cbb-b99c-f0166ad9da29',NULL,NULL),(644,14,NULL,'2025-04-28','13803fa9-0fbf-4462-b32c-ac29efb264c2','2025-04-12 07:17:20','e6faf8c9-c369-4cbb-b99c-f0166ad9da29',NULL,NULL),(645,15,NULL,'2025-04-29','13803fa9-0fbf-4462-b32c-ac29efb264c2','2025-04-12 07:17:20','e6faf8c9-c369-4cbb-b99c-f0166ad9da29',NULL,NULL),(646,16,NULL,'2025-04-30','13803fa9-0fbf-4462-b32c-ac29efb264c2','2025-04-12 07:17:20','e6faf8c9-c369-4cbb-b99c-f0166ad9da29',NULL,NULL),(647,17,NULL,'2025-05-01','13803fa9-0fbf-4462-b32c-ac29efb264c2','2025-04-12 07:17:20','e6faf8c9-c369-4cbb-b99c-f0166ad9da29',NULL,NULL),(648,18,NULL,'2025-05-02','13803fa9-0fbf-4462-b32c-ac29efb264c2','2025-04-12 07:17:20','e6faf8c9-c369-4cbb-b99c-f0166ad9da29',NULL,NULL),(649,19,NULL,'2025-05-03','13803fa9-0fbf-4462-b32c-ac29efb264c2','2025-04-12 07:17:20','e6faf8c9-c369-4cbb-b99c-f0166ad9da29',NULL,NULL),(650,20,NULL,'2025-05-05','13803fa9-0fbf-4462-b32c-ac29efb264c2','2025-04-12 07:17:20','e6faf8c9-c369-4cbb-b99c-f0166ad9da29',NULL,NULL),(651,21,NULL,'2025-05-06','13803fa9-0fbf-4462-b32c-ac29efb264c2','2025-04-12 07:17:20','e6faf8c9-c369-4cbb-b99c-f0166ad9da29',NULL,NULL),(652,22,NULL,'2025-05-07','13803fa9-0fbf-4462-b32c-ac29efb264c2','2025-04-12 07:17:20','e6faf8c9-c369-4cbb-b99c-f0166ad9da29',NULL,NULL),(653,23,NULL,'2025-05-08','13803fa9-0fbf-4462-b32c-ac29efb264c2','2025-04-12 07:17:20','e6faf8c9-c369-4cbb-b99c-f0166ad9da29',NULL,NULL),(654,24,NULL,'2025-05-09','13803fa9-0fbf-4462-b32c-ac29efb264c2','2025-04-12 07:17:20','e6faf8c9-c369-4cbb-b99c-f0166ad9da29',NULL,NULL),(655,25,NULL,'2025-05-10','13803fa9-0fbf-4462-b32c-ac29efb264c2','2025-04-12 07:17:20','e6faf8c9-c369-4cbb-b99c-f0166ad9da29',NULL,NULL),(656,26,NULL,'2025-05-12','13803fa9-0fbf-4462-b32c-ac29efb264c2','2025-04-12 07:17:20','e6faf8c9-c369-4cbb-b99c-f0166ad9da29',NULL,NULL),(657,27,NULL,'2025-05-13','13803fa9-0fbf-4462-b32c-ac29efb264c2','2025-04-12 07:17:20','e6faf8c9-c369-4cbb-b99c-f0166ad9da29',NULL,NULL),(658,28,NULL,'2025-05-14','13803fa9-0fbf-4462-b32c-ac29efb264c2','2025-04-12 07:17:20','e6faf8c9-c369-4cbb-b99c-f0166ad9da29',NULL,NULL),(659,29,NULL,'2025-05-15','13803fa9-0fbf-4462-b32c-ac29efb264c2','2025-04-12 07:17:20','e6faf8c9-c369-4cbb-b99c-f0166ad9da29',NULL,NULL),(660,30,NULL,'2025-05-16','13803fa9-0fbf-4462-b32c-ac29efb264c2','2025-04-12 07:17:20','e6faf8c9-c369-4cbb-b99c-f0166ad9da29',NULL,NULL),(661,31,NULL,'2025-05-17','13803fa9-0fbf-4462-b32c-ac29efb264c2','2025-04-12 07:17:20','e6faf8c9-c369-4cbb-b99c-f0166ad9da29',NULL,NULL),(662,32,NULL,'2025-05-19','13803fa9-0fbf-4462-b32c-ac29efb264c2','2025-04-12 07:17:20','e6faf8c9-c369-4cbb-b99c-f0166ad9da29',NULL,NULL),(663,33,NULL,'2025-05-20','13803fa9-0fbf-4462-b32c-ac29efb264c2','2025-04-12 07:17:20','e6faf8c9-c369-4cbb-b99c-f0166ad9da29',NULL,NULL),(664,34,NULL,'2025-05-21','13803fa9-0fbf-4462-b32c-ac29efb264c2','2025-04-12 07:17:20','e6faf8c9-c369-4cbb-b99c-f0166ad9da29',NULL,NULL),(665,35,NULL,'2025-05-22','13803fa9-0fbf-4462-b32c-ac29efb264c2','2025-04-12 07:17:20','e6faf8c9-c369-4cbb-b99c-f0166ad9da29',NULL,NULL),(666,36,NULL,'2025-05-23','13803fa9-0fbf-4462-b32c-ac29efb264c2','2025-04-12 07:17:20','e6faf8c9-c369-4cbb-b99c-f0166ad9da29',NULL,NULL),(667,37,NULL,'2025-05-24','13803fa9-0fbf-4462-b32c-ac29efb264c2','2025-04-12 07:17:20','e6faf8c9-c369-4cbb-b99c-f0166ad9da29',NULL,NULL),(668,38,NULL,'2025-05-26','13803fa9-0fbf-4462-b32c-ac29efb264c2','2025-04-12 07:17:20','e6faf8c9-c369-4cbb-b99c-f0166ad9da29',NULL,NULL),(669,39,NULL,'2025-05-27','13803fa9-0fbf-4462-b32c-ac29efb264c2','2025-04-12 07:17:20','e6faf8c9-c369-4cbb-b99c-f0166ad9da29',NULL,NULL),(670,40,NULL,'2025-05-28','13803fa9-0fbf-4462-b32c-ac29efb264c2','2025-04-12 07:17:20','e6faf8c9-c369-4cbb-b99c-f0166ad9da29',NULL,NULL),(671,41,NULL,'2025-05-29','13803fa9-0fbf-4462-b32c-ac29efb264c2','2025-04-12 07:17:20','e6faf8c9-c369-4cbb-b99c-f0166ad9da29',NULL,NULL),(672,42,NULL,'2025-05-30','13803fa9-0fbf-4462-b32c-ac29efb264c2','2025-04-12 07:17:20','e6faf8c9-c369-4cbb-b99c-f0166ad9da29',NULL,NULL),(673,43,NULL,'2025-05-31','13803fa9-0fbf-4462-b32c-ac29efb264c2','2025-04-12 07:17:20','e6faf8c9-c369-4cbb-b99c-f0166ad9da29',NULL,NULL),(674,44,NULL,'2025-06-02','13803fa9-0fbf-4462-b32c-ac29efb264c2','2025-04-12 07:17:20','e6faf8c9-c369-4cbb-b99c-f0166ad9da29',NULL,NULL),(675,45,NULL,'2025-06-03','13803fa9-0fbf-4462-b32c-ac29efb264c2','2025-04-12 07:17:20','e6faf8c9-c369-4cbb-b99c-f0166ad9da29',NULL,NULL),(676,46,NULL,'2025-06-04','13803fa9-0fbf-4462-b32c-ac29efb264c2','2025-04-12 07:17:20','e6faf8c9-c369-4cbb-b99c-f0166ad9da29',NULL,NULL),(677,47,NULL,'2025-06-05','13803fa9-0fbf-4462-b32c-ac29efb264c2','2025-04-12 07:17:20','e6faf8c9-c369-4cbb-b99c-f0166ad9da29',NULL,NULL),(678,48,NULL,'2025-06-06','13803fa9-0fbf-4462-b32c-ac29efb264c2','2025-04-12 07:17:20','e6faf8c9-c369-4cbb-b99c-f0166ad9da29',NULL,NULL),(679,49,NULL,'2025-06-07','13803fa9-0fbf-4462-b32c-ac29efb264c2','2025-04-12 07:17:20','e6faf8c9-c369-4cbb-b99c-f0166ad9da29',NULL,NULL),(680,50,NULL,'2025-06-09','13803fa9-0fbf-4462-b32c-ac29efb264c2','2025-04-12 07:17:20','e6faf8c9-c369-4cbb-b99c-f0166ad9da29',NULL,NULL),(681,51,NULL,'2025-06-10','13803fa9-0fbf-4462-b32c-ac29efb264c2','2025-04-12 07:17:20','e6faf8c9-c369-4cbb-b99c-f0166ad9da29',NULL,NULL),(682,52,NULL,'2025-06-11','13803fa9-0fbf-4462-b32c-ac29efb264c2','2025-04-12 07:17:20','e6faf8c9-c369-4cbb-b99c-f0166ad9da29',NULL,NULL),(683,53,NULL,'2025-06-12','13803fa9-0fbf-4462-b32c-ac29efb264c2','2025-04-12 07:17:20','e6faf8c9-c369-4cbb-b99c-f0166ad9da29',NULL,NULL),(684,54,NULL,'2025-06-13','13803fa9-0fbf-4462-b32c-ac29efb264c2','2025-04-12 07:17:20','e6faf8c9-c369-4cbb-b99c-f0166ad9da29',NULL,NULL),(685,55,NULL,'2025-06-14','13803fa9-0fbf-4462-b32c-ac29efb264c2','2025-04-12 07:17:20','e6faf8c9-c369-4cbb-b99c-f0166ad9da29',NULL,NULL),(686,56,NULL,'2025-06-16','13803fa9-0fbf-4462-b32c-ac29efb264c2','2025-04-12 07:17:20','e6faf8c9-c369-4cbb-b99c-f0166ad9da29',NULL,NULL),(687,57,NULL,'2025-06-17','13803fa9-0fbf-4462-b32c-ac29efb264c2','2025-04-12 07:17:20','e6faf8c9-c369-4cbb-b99c-f0166ad9da29',NULL,NULL),(688,58,NULL,'2025-06-18','13803fa9-0fbf-4462-b32c-ac29efb264c2','2025-04-12 07:17:20','e6faf8c9-c369-4cbb-b99c-f0166ad9da29',NULL,NULL),(689,59,NULL,'2025-06-19','13803fa9-0fbf-4462-b32c-ac29efb264c2','2025-04-12 07:17:20','e6faf8c9-c369-4cbb-b99c-f0166ad9da29',NULL,NULL),(690,60,NULL,'2025-06-20','13803fa9-0fbf-4462-b32c-ac29efb264c2','2025-04-12 07:17:20','e6faf8c9-c369-4cbb-b99c-f0166ad9da29',NULL,NULL),(691,61,NULL,'2025-06-21','13803fa9-0fbf-4462-b32c-ac29efb264c2','2025-04-12 07:17:20','e6faf8c9-c369-4cbb-b99c-f0166ad9da29',NULL,NULL),(692,62,NULL,'2025-06-23','13803fa9-0fbf-4462-b32c-ac29efb264c2','2025-04-12 07:17:20','e6faf8c9-c369-4cbb-b99c-f0166ad9da29',NULL,NULL),(693,63,NULL,'2025-06-24','13803fa9-0fbf-4462-b32c-ac29efb264c2','2025-04-12 07:17:20','e6faf8c9-c369-4cbb-b99c-f0166ad9da29',NULL,NULL),(694,64,NULL,'2025-06-25','13803fa9-0fbf-4462-b32c-ac29efb264c2','2025-04-12 07:17:20','e6faf8c9-c369-4cbb-b99c-f0166ad9da29',NULL,NULL),(695,65,NULL,'2025-06-26','13803fa9-0fbf-4462-b32c-ac29efb264c2','2025-04-12 07:17:20','e6faf8c9-c369-4cbb-b99c-f0166ad9da29',NULL,NULL),(696,66,NULL,'2025-06-27','13803fa9-0fbf-4462-b32c-ac29efb264c2','2025-04-12 07:17:20','e6faf8c9-c369-4cbb-b99c-f0166ad9da29',NULL,NULL),(697,67,NULL,'2025-06-28','13803fa9-0fbf-4462-b32c-ac29efb264c2','2025-04-12 07:17:20','e6faf8c9-c369-4cbb-b99c-f0166ad9da29',NULL,NULL),(698,68,NULL,'2025-06-30','13803fa9-0fbf-4462-b32c-ac29efb264c2','2025-04-12 07:17:20','e6faf8c9-c369-4cbb-b99c-f0166ad9da29',NULL,NULL),(699,69,NULL,'2025-07-01','13803fa9-0fbf-4462-b32c-ac29efb264c2','2025-04-12 07:17:20','e6faf8c9-c369-4cbb-b99c-f0166ad9da29',NULL,NULL),(700,70,NULL,'2025-07-02','13803fa9-0fbf-4462-b32c-ac29efb264c2','2025-04-12 07:17:20','e6faf8c9-c369-4cbb-b99c-f0166ad9da29',NULL,NULL),(701,71,NULL,'2025-07-03','13803fa9-0fbf-4462-b32c-ac29efb264c2','2025-04-12 07:17:20','e6faf8c9-c369-4cbb-b99c-f0166ad9da29',NULL,NULL),(702,72,NULL,'2025-07-04','13803fa9-0fbf-4462-b32c-ac29efb264c2','2025-04-12 07:17:20','e6faf8c9-c369-4cbb-b99c-f0166ad9da29',NULL,NULL),(703,73,NULL,'2025-07-05','13803fa9-0fbf-4462-b32c-ac29efb264c2','2025-04-12 07:17:20','e6faf8c9-c369-4cbb-b99c-f0166ad9da29',NULL,NULL),(704,74,NULL,'2025-07-07','13803fa9-0fbf-4462-b32c-ac29efb264c2','2025-04-12 07:17:20','e6faf8c9-c369-4cbb-b99c-f0166ad9da29',NULL,NULL),(705,75,NULL,'2025-07-08','13803fa9-0fbf-4462-b32c-ac29efb264c2','2025-04-12 07:17:20','e6faf8c9-c369-4cbb-b99c-f0166ad9da29',NULL,NULL),(706,76,NULL,'2025-07-09','13803fa9-0fbf-4462-b32c-ac29efb264c2','2025-04-12 07:17:20','e6faf8c9-c369-4cbb-b99c-f0166ad9da29',NULL,NULL),(707,77,NULL,'2025-07-10','13803fa9-0fbf-4462-b32c-ac29efb264c2','2025-04-12 07:17:20','e6faf8c9-c369-4cbb-b99c-f0166ad9da29',NULL,NULL),(708,78,NULL,'2025-07-11','13803fa9-0fbf-4462-b32c-ac29efb264c2','2025-04-12 07:17:20','e6faf8c9-c369-4cbb-b99c-f0166ad9da29',NULL,NULL),(709,79,NULL,'2025-07-12','13803fa9-0fbf-4462-b32c-ac29efb264c2','2025-04-12 07:17:20','e6faf8c9-c369-4cbb-b99c-f0166ad9da29',NULL,NULL),(710,80,NULL,'2025-07-14','13803fa9-0fbf-4462-b32c-ac29efb264c2','2025-04-12 07:17:20','e6faf8c9-c369-4cbb-b99c-f0166ad9da29',NULL,NULL),(711,81,NULL,'2025-07-15','13803fa9-0fbf-4462-b32c-ac29efb264c2','2025-04-12 07:17:20','e6faf8c9-c369-4cbb-b99c-f0166ad9da29',NULL,NULL),(712,82,NULL,'2025-07-16','13803fa9-0fbf-4462-b32c-ac29efb264c2','2025-04-12 07:17:20','e6faf8c9-c369-4cbb-b99c-f0166ad9da29',NULL,NULL),(713,83,NULL,'2025-07-17','13803fa9-0fbf-4462-b32c-ac29efb264c2','2025-04-12 07:17:20','e6faf8c9-c369-4cbb-b99c-f0166ad9da29',NULL,NULL),(714,84,NULL,'2025-07-18','13803fa9-0fbf-4462-b32c-ac29efb264c2','2025-04-12 07:17:20','e6faf8c9-c369-4cbb-b99c-f0166ad9da29',NULL,NULL),(715,85,NULL,'2025-07-19','13803fa9-0fbf-4462-b32c-ac29efb264c2','2025-04-12 07:17:20','e6faf8c9-c369-4cbb-b99c-f0166ad9da29',NULL,NULL),(716,86,NULL,'2025-07-21','13803fa9-0fbf-4462-b32c-ac29efb264c2','2025-04-12 07:17:20','e6faf8c9-c369-4cbb-b99c-f0166ad9da29',NULL,NULL),(717,87,NULL,'2025-07-22','13803fa9-0fbf-4462-b32c-ac29efb264c2','2025-04-12 07:17:20','e6faf8c9-c369-4cbb-b99c-f0166ad9da29',NULL,NULL),(718,88,NULL,'2025-07-23','13803fa9-0fbf-4462-b32c-ac29efb264c2','2025-04-12 07:17:20','e6faf8c9-c369-4cbb-b99c-f0166ad9da29',NULL,NULL),(719,89,NULL,'2025-07-24','13803fa9-0fbf-4462-b32c-ac29efb264c2','2025-04-12 07:17:20','e6faf8c9-c369-4cbb-b99c-f0166ad9da29',NULL,NULL),(720,90,NULL,'2025-07-25','13803fa9-0fbf-4462-b32c-ac29efb264c2','2025-04-12 07:17:20','e6faf8c9-c369-4cbb-b99c-f0166ad9da29',NULL,NULL);
/*!40000 ALTER TABLE `installments` ENABLE KEYS */;
UNLOCK TABLES;

--
-- Table structure for table `migrations`
--

DROP TABLE IF EXISTS `migrations`;
/*!40101 SET @saved_cs_client     = @@character_set_client */;
/*!50503 SET character_set_client = utf8mb4 */;
CREATE TABLE `migrations` (
  `id` int unsigned NOT NULL AUTO_INCREMENT,
  `migration` varchar(255) COLLATE utf8mb4_unicode_ci NOT NULL,
  `batch` int NOT NULL,
  PRIMARY KEY (`id`)
) ENGINE=InnoDB AUTO_INCREMENT=21 DEFAULT CHARSET=utf8mb4 COLLATE=utf8mb4_unicode_ci;
/*!40101 SET character_set_client = @saved_cs_client */;

--
-- Dumping data for table `migrations`
--

LOCK TABLES `migrations` WRITE;
/*!40000 ALTER TABLE `migrations` DISABLE KEYS */;
INSERT INTO `migrations` VALUES (1,'2014_10_12_100000_create_password_reset_tokens_table',1),(2,'2014_10_12_100000_create_password_resets_table',1),(3,'2019_08_19_000000_create_failed_jobs_table',1),(4,'2019_12_14_000001_create_personal_access_tokens_table',1),(5,'2023_12_11_015843_create_permission_tables',1),(6,'2024_11_12_090022_create_users_table',1),(7,'2024_11_12_090021_create_categories_table',1),(8,'2025_01_01_141209_create_products_table',2),(9,'2025_01_15_133322_create_sub_districts_table',1),(12,'2025_01_15_133324_create_consumers_table',3),(13,'2025_01_15_133613_create_companions_table',3),(17,'2025_01_19_054256_create_receivables_registrations_table',4),(19,'2025_01_19_054310_create_installments_table',5),(20,'2025_04_12_134906_add_new_columns_table',6);
/*!40000 ALTER TABLE `migrations` ENABLE KEYS */;
UNLOCK TABLES;

--
-- Table structure for table `model_has_permissions`
--

DROP TABLE IF EXISTS `model_has_permissions`;
/*!40101 SET @saved_cs_client     = @@character_set_client */;
/*!50503 SET character_set_client = utf8mb4 */;
CREATE TABLE `model_has_permissions` (
  `permission_id` bigint unsigned NOT NULL,
  `model_type` varchar(255) COLLATE utf8mb4_unicode_ci NOT NULL,
  `model_id` char(36) COLLATE utf8mb4_unicode_ci NOT NULL,
  PRIMARY KEY (`permission_id`,`model_id`,`model_type`),
  KEY `model_has_permissions_model_id_model_type_index` (`model_id`,`model_type`),
  CONSTRAINT `model_has_permissions_permission_id_foreign` FOREIGN KEY (`permission_id`) REFERENCES `permissions` (`id`) ON DELETE CASCADE
) ENGINE=InnoDB DEFAULT CHARSET=utf8mb4 COLLATE=utf8mb4_unicode_ci;
/*!40101 SET character_set_client = @saved_cs_client */;

--
-- Dumping data for table `model_has_permissions`
--

LOCK TABLES `model_has_permissions` WRITE;
/*!40000 ALTER TABLE `model_has_permissions` DISABLE KEYS */;
/*!40000 ALTER TABLE `model_has_permissions` ENABLE KEYS */;
UNLOCK TABLES;

--
-- Table structure for table `model_has_roles`
--

DROP TABLE IF EXISTS `model_has_roles`;
/*!40101 SET @saved_cs_client     = @@character_set_client */;
/*!50503 SET character_set_client = utf8mb4 */;
CREATE TABLE `model_has_roles` (
  `role_id` bigint unsigned NOT NULL,
  `model_type` varchar(255) COLLATE utf8mb4_unicode_ci NOT NULL,
  `model_id` char(36) COLLATE utf8mb4_unicode_ci NOT NULL,
  PRIMARY KEY (`role_id`,`model_id`,`model_type`),
  KEY `model_has_roles_model_id_model_type_index` (`model_id`,`model_type`),
  CONSTRAINT `model_has_roles_role_id_foreign` FOREIGN KEY (`role_id`) REFERENCES `roles` (`id`) ON DELETE CASCADE
) ENGINE=InnoDB DEFAULT CHARSET=utf8mb4 COLLATE=utf8mb4_unicode_ci;
/*!40101 SET character_set_client = @saved_cs_client */;

--
-- Dumping data for table `model_has_roles`
--

LOCK TABLES `model_has_roles` WRITE;
/*!40000 ALTER TABLE `model_has_roles` DISABLE KEYS */;
INSERT INTO `model_has_roles` VALUES (1,'App\\Models\\User','0cfeeb6b-72d7-48d8-b9d3-65429748ae24'),(1,'App\\Models\\User','0ef1b058-74f5-4665-832d-2b104bfa6b58'),(1,'App\\Models\\User','21af6c86-882b-4d43-83c5-b868b29ba0b5'),(5,'App\\Models\\User','4e2c844c-54c3-4ec8-b62f-072dd1883492'),(1,'App\\Models\\User','e6faf8c9-c369-4cbb-b99c-f0166ad9da29');
/*!40000 ALTER TABLE `model_has_roles` ENABLE KEYS */;
UNLOCK TABLES;

--
-- Table structure for table `password_reset_tokens`
--

DROP TABLE IF EXISTS `password_reset_tokens`;
/*!40101 SET @saved_cs_client     = @@character_set_client */;
/*!50503 SET character_set_client = utf8mb4 */;
CREATE TABLE `password_reset_tokens` (
  `email` varchar(255) COLLATE utf8mb4_unicode_ci NOT NULL,
  `token` varchar(255) COLLATE utf8mb4_unicode_ci NOT NULL,
  `created_at` timestamp NULL DEFAULT NULL,
  PRIMARY KEY (`email`)
) ENGINE=InnoDB DEFAULT CHARSET=utf8mb4 COLLATE=utf8mb4_unicode_ci;
/*!40101 SET character_set_client = @saved_cs_client */;

--
-- Dumping data for table `password_reset_tokens`
--

LOCK TABLES `password_reset_tokens` WRITE;
/*!40000 ALTER TABLE `password_reset_tokens` DISABLE KEYS */;
/*!40000 ALTER TABLE `password_reset_tokens` ENABLE KEYS */;
UNLOCK TABLES;

--
-- Table structure for table `password_resets`
--

DROP TABLE IF EXISTS `password_resets`;
/*!40101 SET @saved_cs_client     = @@character_set_client */;
/*!50503 SET character_set_client = utf8mb4 */;
CREATE TABLE `password_resets` (
  `email` varchar(255) COLLATE utf8mb4_unicode_ci NOT NULL,
  `token` varchar(255) COLLATE utf8mb4_unicode_ci NOT NULL,
  `created_at` timestamp NULL DEFAULT NULL,
  KEY `password_resets_email_index` (`email`)
) ENGINE=InnoDB DEFAULT CHARSET=utf8mb4 COLLATE=utf8mb4_unicode_ci;
/*!40101 SET character_set_client = @saved_cs_client */;

--
-- Dumping data for table `password_resets`
--

LOCK TABLES `password_resets` WRITE;
/*!40000 ALTER TABLE `password_resets` DISABLE KEYS */;
/*!40000 ALTER TABLE `password_resets` ENABLE KEYS */;
UNLOCK TABLES;

--
-- Table structure for table `permissions`
--

DROP TABLE IF EXISTS `permissions`;
/*!40101 SET @saved_cs_client     = @@character_set_client */;
/*!50503 SET character_set_client = utf8mb4 */;
CREATE TABLE `permissions` (
  `id` bigint unsigned NOT NULL AUTO_INCREMENT,
  `name` varchar(255) COLLATE utf8mb4_unicode_ci NOT NULL,
  `guard_name` varchar(255) COLLATE utf8mb4_unicode_ci NOT NULL,
  `created_at` timestamp NULL DEFAULT NULL,
  `updated_at` timestamp NULL DEFAULT NULL,
  PRIMARY KEY (`id`),
  UNIQUE KEY `permissions_name_guard_name_unique` (`name`,`guard_name`)
) ENGINE=InnoDB AUTO_INCREMENT=22 DEFAULT CHARSET=utf8mb4 COLLATE=utf8mb4_unicode_ci;
/*!40101 SET character_set_client = @saved_cs_client */;

--
-- Dumping data for table `permissions`
--

LOCK TABLES `permissions` WRITE;
/*!40000 ALTER TABLE `permissions` DISABLE KEYS */;
INSERT INTO `permissions` VALUES (1,'roles-list','web','2021-04-30 00:15:05','2021-04-30 00:15:05'),(2,'roles-create','web','2021-04-30 00:15:05','2021-04-30 00:15:05'),(3,'roles-edit','web','2021-04-30 00:15:05','2021-04-30 00:15:05'),(4,'roles-delete','web','2021-04-30 00:15:05','2021-04-30 00:15:05'),(5,'users-list','web','2021-04-30 00:15:05','2021-04-30 00:15:05'),(6,'users-create','web','2021-04-30 00:15:05','2021-04-30 00:15:05'),(7,'users-edit','web','2021-04-30 00:15:05','2021-04-30 00:15:05'),(8,'users-delete','web','2021-04-30 00:15:05','2021-04-30 00:15:05'),(9,'dashboard','web','2021-04-30 00:15:05','2021-04-30 00:15:05'),(10,'categories','web','2021-04-30 00:15:05','2021-04-30 00:15:05'),(13,'products-list','web','2021-04-30 00:15:05','2021-04-30 00:15:05'),(14,'products-create','web','2021-04-30 00:15:05','2021-04-30 00:15:05'),(15,'products-edit','web','2021-04-30 00:15:05','2021-04-30 00:15:05'),(16,'products-delete','web','2021-04-30 00:15:05','2021-04-30 00:15:05'),(17,'subdistricts','web','2021-04-30 00:15:05','2021-04-30 00:15:05'),(18,'consumers-list','web','2021-04-30 00:15:05','2021-04-30 00:15:05'),(19,'consumers-create','web','2021-04-30 00:15:05','2021-04-30 00:15:05'),(20,'receivables-registration-list','web','2021-04-30 00:15:05','2021-04-30 00:15:05'),(21,'receivables-registration-create','web','2021-04-30 00:15:05','2021-04-30 00:15:05');
/*!40000 ALTER TABLE `permissions` ENABLE KEYS */;
UNLOCK TABLES;

--
-- Table structure for table `personal_access_tokens`
--

DROP TABLE IF EXISTS `personal_access_tokens`;
/*!40101 SET @saved_cs_client     = @@character_set_client */;
/*!50503 SET character_set_client = utf8mb4 */;
CREATE TABLE `personal_access_tokens` (
  `id` bigint unsigned NOT NULL AUTO_INCREMENT,
  `tokenable_type` varchar(255) COLLATE utf8mb4_unicode_ci NOT NULL,
  `tokenable_id` bigint unsigned NOT NULL,
  `name` varchar(255) COLLATE utf8mb4_unicode_ci NOT NULL,
  `token` varchar(64) COLLATE utf8mb4_unicode_ci NOT NULL,
  `abilities` text COLLATE utf8mb4_unicode_ci,
  `last_used_at` timestamp NULL DEFAULT NULL,
  `expires_at` timestamp NULL DEFAULT NULL,
  `created_at` timestamp NULL DEFAULT NULL,
  `updated_at` timestamp NULL DEFAULT NULL,
  PRIMARY KEY (`id`),
  UNIQUE KEY `personal_access_tokens_token_unique` (`token`),
  KEY `personal_access_tokens_tokenable_type_tokenable_id_index` (`tokenable_type`,`tokenable_id`)
) ENGINE=InnoDB DEFAULT CHARSET=utf8mb4 COLLATE=utf8mb4_unicode_ci;
/*!40101 SET character_set_client = @saved_cs_client */;

--
-- Dumping data for table `personal_access_tokens`
--

LOCK TABLES `personal_access_tokens` WRITE;
/*!40000 ALTER TABLE `personal_access_tokens` DISABLE KEYS */;
/*!40000 ALTER TABLE `personal_access_tokens` ENABLE KEYS */;
UNLOCK TABLES;

--
-- Table structure for table `products`
--

DROP TABLE IF EXISTS `products`;
/*!40101 SET @saved_cs_client     = @@character_set_client */;
/*!50503 SET character_set_client = utf8mb4 */;
CREATE TABLE `products` (
  `id` char(36) COLLATE utf8mb4_unicode_ci NOT NULL,
  `name` varchar(100) COLLATE utf8mb4_unicode_ci NOT NULL,
  `type` varchar(100) COLLATE utf8mb4_unicode_ci NOT NULL,
  `hpp` double NOT NULL,
  `price` double NOT NULL,
  `notes` text COLLATE utf8mb4_unicode_ci,
  `active` tinyint NOT NULL DEFAULT '1' COMMENT '0: Not Active, 1: Active',
  `merk_id` smallint unsigned NOT NULL,
  `unit_id` smallint unsigned NOT NULL,
  `created_at` timestamp NULL DEFAULT NULL,
  `created_by` char(36) COLLATE utf8mb4_unicode_ci DEFAULT NULL,
  `updated_at` timestamp NULL DEFAULT NULL,
  `updated_by` char(36) COLLATE utf8mb4_unicode_ci DEFAULT NULL,
  `deleted_at` timestamp NULL DEFAULT NULL,
  `deleted_by` char(36) COLLATE utf8mb4_unicode_ci DEFAULT NULL,
  PRIMARY KEY (`id`),
  UNIQUE KEY `products_name_unique` (`name`),
  KEY `products_category_id_foreign` (`merk_id`),
  KEY `products_unit_id_foreign` (`unit_id`),
  KEY `products_created_by_foreign` (`created_by`),
  KEY `products_updated_by_foreign` (`updated_by`),
  KEY `products_deleted_by_foreign` (`deleted_by`),
  CONSTRAINT `products_category_id_foreign` FOREIGN KEY (`merk_id`) REFERENCES `categories` (`id`),
  CONSTRAINT `products_created_by_foreign` FOREIGN KEY (`created_by`) REFERENCES `users` (`id`),
  CONSTRAINT `products_deleted_by_foreign` FOREIGN KEY (`deleted_by`) REFERENCES `users` (`id`),
  CONSTRAINT `products_unit_id_foreign` FOREIGN KEY (`unit_id`) REFERENCES `categories` (`id`),
  CONSTRAINT `products_updated_by_foreign` FOREIGN KEY (`updated_by`) REFERENCES `users` (`id`)
) ENGINE=InnoDB DEFAULT CHARSET=utf8mb4 COLLATE=utf8mb4_unicode_ci;
/*!40101 SET character_set_client = @saved_cs_client */;

--
-- Dumping data for table `products`
--

LOCK TABLES `products` WRITE;
/*!40000 ALTER TABLE `products` DISABLE KEYS */;
INSERT INTO `products` VALUES ('60fb112b-a60f-43dc-8779-85f0b4f6ea0d','Laptop MacBook Pro 12','12 Pro',20000000,21000000,'<p> catatan saja</p>',1,1,3,'2025-05-20 02:46:34','e6faf8c9-c369-4cbb-b99c-f0166ad9da29','2025-05-20 02:46:34',NULL,NULL,NULL),('8386138b-1206-49ca-a770-ce61e9e00b34','Kulkas 2 Pintu','Az',0,4000000,'<p> catatan</p>',1,5,3,'2025-01-01 09:41:36','e6faf8c9-c369-4cbb-b99c-f0166ad9da29','2025-01-02 08:04:27','e6faf8c9-c369-4cbb-b99c-f0166ad9da29',NULL,NULL),('e00e8b0d-07f9-4d89-8a5b-005157904e64','SmartTV 32 inch','SE001',0,3000000,'<p> mencoba</p>',1,1,3,'2025-01-01 09:14:55','e6faf8c9-c369-4cbb-b99c-f0166ad9da29','2025-01-02 08:15:10','e6faf8c9-c369-4cbb-b99c-f0166ad9da29',NULL,NULL);
/*!40000 ALTER TABLE `products` ENABLE KEYS */;
UNLOCK TABLES;

--
-- Table structure for table `receivables_registrations`
--

DROP TABLE IF EXISTS `receivables_registrations`;
/*!40101 SET @saved_cs_client     = @@character_set_client */;
/*!50503 SET character_set_client = utf8mb4 */;
CREATE TABLE `receivables_registrations` (
  `id` char(36) COLLATE utf8mb4_unicode_ci NOT NULL,
  `reg_code` varchar(16) CHARACTER SET utf8mb4 COLLATE utf8mb4_unicode_ci NOT NULL,
  `number` int NOT NULL,
  `year` year NOT NULL,
  `date_at` date NOT NULL,
  `tenor` smallint NOT NULL,
  `bill_per_day` double NOT NULL,
  `status` tinyint NOT NULL DEFAULT '0' COMMENT '0: Pending, 1: In Process, 2: Paid Off',
  `consumer_id` char(36) COLLATE utf8mb4_unicode_ci NOT NULL,
  `product_id` char(36) COLLATE utf8mb4_unicode_ci NOT NULL,
  `item_price` double NOT NULL,
  `sales_id` char(36) COLLATE utf8mb4_unicode_ci NOT NULL,
  `supervisor_id` char(36) COLLATE utf8mb4_unicode_ci NOT NULL,
  `wasdit_id` char(36) COLLATE utf8mb4_unicode_ci NOT NULL,
  `ar_id` char(36) COLLATE utf8mb4_unicode_ci NOT NULL,
  `collector_id` char(36) COLLATE utf8mb4_unicode_ci NOT NULL,
  `contract_code` varchar(26) CHARACTER SET utf8mb4 COLLATE utf8mb4_unicode_ci DEFAULT NULL,
  `contract_number` int DEFAULT NULL,
  `created_at` timestamp NULL DEFAULT NULL,
  `created_by` char(36) COLLATE utf8mb4_unicode_ci DEFAULT NULL,
  `updated_at` timestamp NULL DEFAULT NULL,
  `updated_by` char(36) COLLATE utf8mb4_unicode_ci DEFAULT NULL,
  `deleted_at` timestamp NULL DEFAULT NULL,
  `deleted_by` char(36) COLLATE utf8mb4_unicode_ci DEFAULT NULL,
  PRIMARY KEY (`id`),
  UNIQUE KEY `receivables_registrations_number_year_unique` (`number`,`year`),
  UNIQUE KEY `receivables_registrations_reg_code_unique` (`reg_code`),
  UNIQUE KEY `receivables_registrations_contract_code_unique` (`contract_code`),
  KEY `receivables_registrations_consumer_id_foreign` (`consumer_id`),
  KEY `receivables_registrations_product_id_foreign` (`product_id`),
  KEY `receivables_registrations_created_by_foreign` (`created_by`),
  KEY `receivables_registrations_updated_by_foreign` (`updated_by`),
  KEY `receivables_registrations_deleted_by_foreign` (`deleted_by`),
  KEY `receivables_registrations_sales_id_foreign` (`sales_id`),
  KEY `receivables_registrations_supervisor_id_foreign` (`supervisor_id`),
  KEY `receivables_registrations_wasdit_id_foreign` (`wasdit_id`),
  KEY `receivables_registrations_ar_id_foreign` (`ar_id`),
  KEY `receivables_registrations_collector_id_foreign` (`collector_id`),
  CONSTRAINT `receivables_registrations_ar_id_foreign` FOREIGN KEY (`ar_id`) REFERENCES `users` (`id`),
  CONSTRAINT `receivables_registrations_collector_id_foreign` FOREIGN KEY (`collector_id`) REFERENCES `users` (`id`),
  CONSTRAINT `receivables_registrations_consumer_id_foreign` FOREIGN KEY (`consumer_id`) REFERENCES `consumers` (`id`),
  CONSTRAINT `receivables_registrations_created_by_foreign` FOREIGN KEY (`created_by`) REFERENCES `users` (`id`),
  CONSTRAINT `receivables_registrations_deleted_by_foreign` FOREIGN KEY (`deleted_by`) REFERENCES `users` (`id`),
  CONSTRAINT `receivables_registrations_product_id_foreign` FOREIGN KEY (`product_id`) REFERENCES `products` (`id`),
  CONSTRAINT `receivables_registrations_sales_id_foreign` FOREIGN KEY (`sales_id`) REFERENCES `users` (`id`),
  CONSTRAINT `receivables_registrations_supervisor_id_foreign` FOREIGN KEY (`supervisor_id`) REFERENCES `users` (`id`),
  CONSTRAINT `receivables_registrations_updated_by_foreign` FOREIGN KEY (`updated_by`) REFERENCES `users` (`id`),
  CONSTRAINT `receivables_registrations_wasdit_id_foreign` FOREIGN KEY (`wasdit_id`) REFERENCES `users` (`id`)
) ENGINE=InnoDB DEFAULT CHARSET=utf8mb4 COLLATE=utf8mb4_unicode_ci;
/*!40101 SET character_set_client = @saved_cs_client */;

--
-- Dumping data for table `receivables_registrations`
--

LOCK TABLES `receivables_registrations` WRITE;
/*!40000 ALTER TABLE `receivables_registrations` DISABLE KEYS */;
INSERT INTO `receivables_registrations` VALUES ('13803fa9-0fbf-4462-b32c-ac29efb264c2','REG.PIU.001/2025',1,2025,'2025-04-12',90,20000,1,'8446224d-c9da-40d6-98c9-b71bdbf50ce1','8386138b-1206-49ca-a770-ce61e9e00b34',4000000,'0cfeeb6b-72d7-48d8-b9d3-65429748ae24','0ef1b058-74f5-4665-832d-2b104bfa6b58','21af6c86-882b-4d43-83c5-b868b29ba0b3','4e2c844c-54c3-4ec8-b62f-072dd1883492','e6faf8c9-c369-4cbb-b99c-f0166ad9da29','FSBH/TNSL/00003/2025/04',3,'2025-01-22 03:29:29','e6faf8c9-c369-4cbb-b99c-f0166ad9da29','2025-04-12 07:17:20','e6faf8c9-c369-4cbb-b99c-f0166ad9da29',NULL,NULL),('63b0d4d6-ab00-44f7-bbe8-3f2a985dc07a','REG.PIU.003/2025',3,2025,'2025-02-01',90,15000,1,'b7050c8e-d1c7-47a8-947e-36431cf7c6c9','e00e8b0d-07f9-4d89-8a5b-005157904e64',3000000,'0cfeeb6b-72d7-48d8-b9d3-65429748ae24','0ef1b058-74f5-4665-832d-2b104bfa6b58','21af6c86-882b-4d43-83c5-b868b29ba0b3','e6faf8c9-c369-4cbb-b99c-f0166ad9da29','21af6c86-882b-4d43-83c5-b868b29ba0b4','FSBH/BJG/00002/2025/02',2,'2025-02-01 10:38:22','e6faf8c9-c369-4cbb-b99c-f0166ad9da29','2025-02-01 10:39:49','e6faf8c9-c369-4cbb-b99c-f0166ad9da29',NULL,NULL),('d931f86f-9b0d-4df4-9f69-d7bf96c5ddb4','REG.PIU.002/2025',2,2025,'2025-01-23',90,20000,1,'8446224d-c9da-40d6-98c9-b71bdbf50ce1','8386138b-1206-49ca-a770-ce61e9e00b34',4000000,'0ef1b058-74f5-4665-832d-2b104bfa6b58','21af6c86-882b-4d43-83c5-b868b29ba0b3','0cfeeb6b-72d7-48d8-b9d3-65429748ae24','e6faf8c9-c369-4cbb-b99c-f0166ad9da29','4e2c844c-54c3-4ec8-b62f-072dd1883492','FSBH/TNSL/00001/2025/01',1,'2025-01-23 12:12:24','e6faf8c9-c369-4cbb-b99c-f0166ad9da29','2025-01-24 04:16:43','e6faf8c9-c369-4cbb-b99c-f0166ad9da29',NULL,NULL);
/*!40000 ALTER TABLE `receivables_registrations` ENABLE KEYS */;
UNLOCK TABLES;

--
-- Table structure for table `role_has_permissions`
--

DROP TABLE IF EXISTS `role_has_permissions`;
/*!40101 SET @saved_cs_client     = @@character_set_client */;
/*!50503 SET character_set_client = utf8mb4 */;
CREATE TABLE `role_has_permissions` (
  `permission_id` bigint unsigned NOT NULL,
  `role_id` bigint unsigned NOT NULL,
  PRIMARY KEY (`permission_id`,`role_id`),
  KEY `role_has_permissions_role_id_foreign` (`role_id`),
  CONSTRAINT `role_has_permissions_permission_id_foreign` FOREIGN KEY (`permission_id`) REFERENCES `permissions` (`id`) ON DELETE CASCADE,
  CONSTRAINT `role_has_permissions_role_id_foreign` FOREIGN KEY (`role_id`) REFERENCES `roles` (`id`) ON DELETE CASCADE
) ENGINE=InnoDB DEFAULT CHARSET=utf8mb4 COLLATE=utf8mb4_unicode_ci;
/*!40101 SET character_set_client = @saved_cs_client */;

--
-- Dumping data for table `role_has_permissions`
--

LOCK TABLES `role_has_permissions` WRITE;
/*!40000 ALTER TABLE `role_has_permissions` DISABLE KEYS */;
INSERT INTO `role_has_permissions` VALUES (1,1),(2,1),(3,1),(4,1),(5,1),(6,1),(7,1),(8,1),(9,1),(10,1),(13,1),(14,1),(15,1),(16,1),(17,1),(18,1),(19,1),(20,1),(21,1),(13,2),(13,3),(13,4),(13,5),(13,6);
/*!40000 ALTER TABLE `role_has_permissions` ENABLE KEYS */;
UNLOCK TABLES;

--
-- Table structure for table `roles`
--

DROP TABLE IF EXISTS `roles`;
/*!40101 SET @saved_cs_client     = @@character_set_client */;
/*!50503 SET character_set_client = utf8mb4 */;
CREATE TABLE `roles` (
  `id` bigint unsigned NOT NULL AUTO_INCREMENT,
  `name` varchar(255) COLLATE utf8mb4_unicode_ci NOT NULL,
  `guard_name` varchar(255) COLLATE utf8mb4_unicode_ci NOT NULL,
  `created_at` timestamp NULL DEFAULT NULL,
  `updated_at` timestamp NULL DEFAULT NULL,
  PRIMARY KEY (`id`),
  UNIQUE KEY `roles_name_guard_name_unique` (`name`,`guard_name`)
) ENGINE=InnoDB AUTO_INCREMENT=7 DEFAULT CHARSET=utf8mb4 COLLATE=utf8mb4_unicode_ci;
/*!40101 SET character_set_client = @saved_cs_client */;

--
-- Dumping data for table `roles`
--

LOCK TABLES `roles` WRITE;
/*!40000 ALTER TABLE `roles` DISABLE KEYS */;
INSERT INTO `roles` VALUES (1,'Super Admin','web',NULL,NULL),(2,'ADM A/R','web','2025-01-01 09:40:00','2025-01-03 04:46:26'),(3,'Mitra Bisnis','web','2025-01-03 04:46:41','2025-01-03 04:46:41'),(4,'Wasdit','web','2025-01-03 04:46:51','2025-01-03 04:46:51'),(5,'Kolektor','web','2025-01-03 04:46:59','2025-01-03 04:46:59'),(6,'Supervisor','web','2025-01-03 04:47:11','2025-01-03 04:47:11');
/*!40000 ALTER TABLE `roles` ENABLE KEYS */;
UNLOCK TABLES;

--
-- Table structure for table `sub_districts`
--

DROP TABLE IF EXISTS `sub_districts`;
/*!40101 SET @saved_cs_client     = @@character_set_client */;
/*!50503 SET character_set_client = utf8mb4 */;
CREATE TABLE `sub_districts` (
  `id` bigint NOT NULL AUTO_INCREMENT,
  `province_code` bigint NOT NULL,
  `city_code` bigint NOT NULL,
  `district_code` bigint NOT NULL,
  `sub_district_code` bigint NOT NULL,
  `district_letter_code` varchar(5) CHARACTER SET utf8mb4 COLLATE utf8mb4_0900_ai_ci DEFAULT NULL,
  `province_name` varchar(256) CHARACTER SET utf8mb4 COLLATE utf8mb4_0900_ai_ci NOT NULL,
  `city_name` varchar(256) CHARACTER SET utf8mb4 COLLATE utf8mb4_0900_ai_ci NOT NULL,
  `district_name` varchar(256) CHARACTER SET utf8mb4 COLLATE utf8mb4_0900_ai_ci NOT NULL,
  `sub_district_name` varchar(256) CHARACTER SET utf8mb4 COLLATE utf8mb4_0900_ai_ci NOT NULL,
  `created_at` timestamp NOT NULL DEFAULT CURRENT_TIMESTAMP,
  `updated_at` timestamp NOT NULL DEFAULT CURRENT_TIMESTAMP,
  `deleted_at` timestamp NULL DEFAULT NULL,
  PRIMARY KEY (`id`),
  UNIQUE KEY `sub_districts_UN` (`sub_district_code`)
) ENGINE=InnoDB AUTO_INCREMENT=83732 DEFAULT CHARSET=utf8mb4 COLLATE=utf8mb4_0900_ai_ci;
/*!40101 SET character_set_client = @saved_cs_client */;

--
-- Dumping data for table `sub_districts`
--

LOCK TABLES `sub_districts` WRITE;
/*!40000 ALTER TABLE `sub_districts` DISABLE KEYS */;
INSERT INTO `sub_districts` VALUES (23645,32,3201,320101,3201011001,'CIB','JAWA BARAT','BOGOR','CIBINONG','PONDOK RAJEG','2024-05-09 15:14:38','2024-05-09 15:14:38',NULL),(23646,32,3201,320101,3201011002,'CIB','JAWA BARAT','BOGOR','CIBINONG','KARADENAN','2024-05-09 15:14:38','2024-05-09 15:14:38',NULL),(23647,32,3201,320101,3201011003,'CIB','JAWA BARAT','BOGOR','CIBINONG','HARAPANJAYA','2024-05-09 15:14:38','2024-05-09 15:14:38',NULL),(23648,32,3201,320101,3201011004,'CIB','JAWA BARAT','BOGOR','CIBINONG','NANGGEWER','2024-05-09 15:14:38','2024-05-09 15:14:38',NULL),(23649,32,3201,320101,3201011005,'CIB','JAWA BARAT','BOGOR','CIBINONG','NANGGEWER MEKAR','2024-05-09 15:14:38','2024-05-09 15:14:38',NULL),(23650,32,3201,320101,3201011006,'CIB','JAWA BARAT','BOGOR','CIBINONG','CIBINONG','2024-05-09 15:14:38','2024-05-09 15:14:38',NULL),(23651,32,3201,320101,3201011007,'CIB','JAWA BARAT','BOGOR','CIBINONG','PAKANSARI','2024-05-09 15:14:38','2024-05-09 15:14:38',NULL),(23652,32,3201,320101,3201011008,'CIB','JAWA BARAT','BOGOR','CIBINONG','TENGAH','2024-05-09 15:14:38','2024-05-09 15:14:38',NULL),(23653,32,3201,320101,3201011009,'CIB','JAWA BARAT','BOGOR','CIBINONG','SUKAHATI','2024-05-09 15:14:38','2024-05-09 15:14:38',NULL),(23654,32,3201,320101,3201011010,'CIB','JAWA BARAT','BOGOR','CIBINONG','CIRIUNG','2024-05-09 15:14:38','2024-05-09 15:14:38',NULL),(23655,32,3201,320101,3201011011,'CIB','JAWA BARAT','BOGOR','CIBINONG','CIRIMEKAR','2024-05-09 15:14:38','2024-05-09 15:14:38',NULL),(23656,32,3201,320101,3201011012,'CIB','JAWA BARAT','BOGOR','CIBINONG','PABUARAN','2024-05-09 15:14:38','2024-05-09 15:14:38',NULL),(23657,32,3201,320101,3201011013,'CIB','JAWA BARAT','BOGOR','CIBINONG','PABUARAN MEKAR','2024-05-09 15:14:38','2024-05-09 15:14:38',NULL),(23658,32,3201,320102,3201022001,'GNP','JAWA BARAT','BOGOR','GUNUNG PUTRI','WANAHERANG','2024-05-09 15:14:38','2024-05-09 15:14:38',NULL),(23659,32,3201,320102,3201022002,'GNP','JAWA BARAT','BOGOR','GUNUNG PUTRI','BOJONG KULUR','2024-05-09 15:14:38','2024-05-09 15:14:38',NULL),(23660,32,3201,320102,3201022003,'GNP','JAWA BARAT','BOGOR','GUNUNG PUTRI','CIANGSANA','2024-05-09 15:14:38','2024-05-09 15:14:38',NULL),(23661,32,3201,320102,3201022004,'GNP','JAWA BARAT','BOGOR','GUNUNG PUTRI','GUNUNG PUTRI','2024-05-09 15:14:38','2024-05-09 15:14:38',NULL),(23662,32,3201,320102,3201022005,'GNP','JAWA BARAT','BOGOR','GUNUNG PUTRI','BOJONG NANGKA','2024-05-09 15:14:38','2024-05-09 15:14:38',NULL),(23663,32,3201,320102,3201022006,'GNP','JAWA BARAT','BOGOR','GUNUNG PUTRI','TLAJUNG UDIK','2024-05-09 15:14:38','2024-05-09 15:14:38',NULL),(23664,32,3201,320102,3201022007,'GNP','JAWA BARAT','BOGOR','GUNUNG PUTRI','CICADAS','2024-05-09 15:14:38','2024-05-09 15:14:38',NULL),(23665,32,3201,320102,3201022008,'GNP','JAWA BARAT','BOGOR','GUNUNG PUTRI','CIKEAS UDIK','2024-05-09 15:14:38','2024-05-09 15:14:38',NULL),(23666,32,3201,320102,3201022009,'GNP','JAWA BARAT','BOGOR','GUNUNG PUTRI','NAGRAK','2024-05-09 15:14:38','2024-05-09 15:14:38',NULL),(23667,32,3201,320102,3201022010,'GNP','JAWA BARAT','BOGOR','GUNUNG PUTRI','KARANGGAN','2024-05-09 15:14:38','2024-05-09 15:14:38',NULL),(23668,32,3201,320103,3201031006,'CTRF','JAWA BARAT','BOGOR','CITEUREUP','PUSPANEGARA','2024-05-09 15:14:38','2024-05-09 15:14:38',NULL),(23669,32,3201,320103,3201031007,'CTRF','JAWA BARAT','BOGOR','CITEUREUP','KARANG ASEM BARAT','2024-05-09 15:14:38','2024-05-09 15:14:38',NULL),(23670,32,3201,320103,3201032001,'CTRF','JAWA BARAT','BOGOR','CITEUREUP','PUSPASARI','2024-05-09 15:14:38','2024-05-09 15:14:38',NULL),(23671,32,3201,320103,3201032002,'CTRF','JAWA BARAT','BOGOR','CITEUREUP','CITEUREUP','2024-05-09 15:14:38','2024-05-09 15:14:38',NULL),(23672,32,3201,320103,3201032003,'CTRF','JAWA BARAT','BOGOR','CITEUREUP','LEUWINUTUG','2024-05-09 15:14:38','2024-05-09 15:14:38',NULL),(23673,32,3201,320103,3201032004,'CTRF','JAWA BARAT','BOGOR','CITEUREUP','TAJUR','2024-05-09 15:14:38','2024-05-09 15:14:38',NULL),(23674,32,3201,320103,3201032005,'CTRF','JAWA BARAT','BOGOR','CITEUREUP','SANJA','2024-05-09 15:14:38','2024-05-09 15:14:38',NULL),(23675,32,3201,320103,3201032008,'CTRF','JAWA BARAT','BOGOR','CITEUREUP','KARANG ASEM TIMUR','2024-05-09 15:14:38','2024-05-09 15:14:38',NULL),(23676,32,3201,320103,3201032009,'CTRF','JAWA BARAT','BOGOR','CITEUREUP','TARIKOLOT','2024-05-09 15:14:38','2024-05-09 15:14:38',NULL),(23677,32,3201,320103,3201032010,'CTRF','JAWA BARAT','BOGOR','CITEUREUP','GUNUNGSARI','2024-05-09 15:14:38','2024-05-09 15:14:38',NULL),(23678,32,3201,320103,3201032011,'CTRF','JAWA BARAT','BOGOR','CITEUREUP','TANGKIL','2024-05-09 15:14:38','2024-05-09 15:14:38',NULL),(23679,32,3201,320103,3201032012,'CTRF','JAWA BARAT','BOGOR','CITEUREUP','SUKAHATI','2024-05-09 15:14:38','2024-05-09 15:14:38',NULL),(23680,32,3201,320103,3201032013,'CTRF','JAWA BARAT','BOGOR','CITEUREUP','HAMBALANG','2024-05-09 15:14:38','2024-05-09 15:14:38',NULL),(23681,32,3201,320103,3201032014,'CTRF','JAWA BARAT','BOGOR','CITEUREUP','PASIRMUKTI','2024-05-09 15:14:38','2024-05-09 15:14:38',NULL),(23682,32,3201,320104,3201042001,'SKJ','JAWA BARAT','BOGOR','SUKARAJA','GUNUNGGEULIS','2024-05-09 15:14:38','2024-05-09 15:14:38',NULL),(23683,32,3201,320104,3201042002,'SKJ','JAWA BARAT','BOGOR','SUKARAJA','CILEBUT TIMUR','2024-05-09 15:14:38','2024-05-09 15:14:38',NULL),(23684,32,3201,320104,3201042003,'SKJ','JAWA BARAT','BOGOR','SUKARAJA','CILEBUT BARAT','2024-05-09 15:14:38','2024-05-09 15:14:38',NULL),(23685,32,3201,320104,3201042004,'SKJ','JAWA BARAT','BOGOR','SUKARAJA','CIBANON','2024-05-09 15:14:38','2024-05-09 15:14:38',NULL),(23686,32,3201,320104,3201042005,'SKJ','JAWA BARAT','BOGOR','SUKARAJA','NAGRAK','2024-05-09 15:14:38','2024-05-09 15:14:38',NULL),(23687,32,3201,320104,3201042006,'SKJ','JAWA BARAT','BOGOR','SUKARAJA','SUKATANI','2024-05-09 15:14:38','2024-05-09 15:14:38',NULL),(23688,32,3201,320104,3201042007,'SKJ','JAWA BARAT','BOGOR','SUKARAJA','SUKARAJA','2024-05-09 15:14:38','2024-05-09 15:14:38',NULL),(23689,32,3201,320104,3201042008,'SKJ','JAWA BARAT','BOGOR','SUKARAJA','CIKEAS','2024-05-09 15:14:38','2024-05-09 15:14:38',NULL),(23690,32,3201,320104,3201042009,'SKJ','JAWA BARAT','BOGOR','SUKARAJA','PASIR JAMBU','2024-05-09 15:14:38','2024-05-09 15:14:38',NULL),(23691,32,3201,320104,3201042010,'SKJ','JAWA BARAT','BOGOR','SUKARAJA','CIMANDALA','2024-05-09 15:14:38','2024-05-09 15:14:38',NULL),(23692,32,3201,320104,3201042011,'SKJ','JAWA BARAT','BOGOR','SUKARAJA','CIJUJUNG','2024-05-09 15:14:38','2024-05-09 15:14:38',NULL),(23693,32,3201,320104,3201042012,'SKJ','JAWA BARAT','BOGOR','SUKARAJA','CADASNGAMPAR','2024-05-09 15:14:38','2024-05-09 15:14:38',NULL),(23694,32,3201,320104,3201042013,'SKJ','JAWA BARAT','BOGOR','SUKARAJA','PASIRLAJA','2024-05-09 15:14:38','2024-05-09 15:14:38',NULL),(23695,32,3201,320105,3201052001,'BBM','JAWA BARAT','BOGOR','BABAKAN MADANG','CIJAYANTI','2024-05-09 15:14:38','2024-05-09 15:14:38',NULL),(23696,32,3201,320105,3201052002,'BBM','JAWA BARAT','BOGOR','BABAKAN MADANG','SUMURBATU','2024-05-09 15:14:38','2024-05-09 15:14:38',NULL),(23697,32,3201,320105,3201052003,'BBM','JAWA BARAT','BOGOR','BABAKAN MADANG','SENTUL','2024-05-09 15:14:38','2024-05-09 15:14:38',NULL),(23698,32,3201,320105,3201052004,'BBM','JAWA BARAT','BOGOR','BABAKAN MADANG','KARANGTENGAH','2024-05-09 15:14:38','2024-05-09 15:14:38',NULL),(23699,32,3201,320105,3201052005,'BBM','JAWA BARAT','BOGOR','BABAKAN MADANG','CIPAMBUAN','2024-05-09 15:14:38','2024-05-09 15:14:38',NULL),(23700,32,3201,320105,3201052006,'BBM','JAWA BARAT','BOGOR','BABAKAN MADANG','KADUMANGGU','2024-05-09 15:14:38','2024-05-09 15:14:38',NULL),(23701,32,3201,320105,3201052007,'BBM','JAWA BARAT','BOGOR','BABAKAN MADANG','CITARINGGUL','2024-05-09 15:14:38','2024-05-09 15:14:38',NULL),(23702,32,3201,320105,3201052008,'BBM','JAWA BARAT','BOGOR','BABAKAN MADANG','BABAKAN MADANG','2024-05-09 15:14:38','2024-05-09 15:14:38',NULL),(23703,32,3201,320105,3201052009,'BBM','JAWA BARAT','BOGOR','BABAKAN MADANG','BOJONG KONENG','2024-05-09 15:14:38','2024-05-09 15:14:38',NULL),(23704,32,3201,320106,3201062001,NULL,'JAWA BARAT','BOGOR','JONGGOL','SUKAMAJU','2024-05-09 15:14:38','2024-05-09 15:14:38',NULL),(23705,32,3201,320106,3201062002,NULL,'JAWA BARAT','BOGOR','JONGGOL','SIRNAGALIH','2024-05-09 15:14:38','2024-05-09 15:14:38',NULL),(23706,32,3201,320106,3201062003,NULL,'JAWA BARAT','BOGOR','JONGGOL','SINGAJAYA','2024-05-09 15:14:38','2024-05-09 15:14:38',NULL),(23707,32,3201,320106,3201062004,NULL,'JAWA BARAT','BOGOR','JONGGOL','SUKASIRNA','2024-05-09 15:14:38','2024-05-09 15:14:38',NULL),(23708,32,3201,320106,3201062005,NULL,'JAWA BARAT','BOGOR','JONGGOL','SUKANEGARA','2024-05-09 15:14:38','2024-05-09 15:14:38',NULL),(23709,32,3201,320106,3201062006,NULL,'JAWA BARAT','BOGOR','JONGGOL','SUKAMANAH','2024-05-09 15:14:38','2024-05-09 15:14:38',NULL),(23710,32,3201,320106,3201062007,NULL,'JAWA BARAT','BOGOR','JONGGOL','WENINGGALIH','2024-05-09 15:14:38','2024-05-09 15:14:38',NULL),(23711,32,3201,320106,3201062008,NULL,'JAWA BARAT','BOGOR','JONGGOL','CIBODAS','2024-05-09 15:14:38','2024-05-09 15:14:38',NULL),(23712,32,3201,320106,3201062009,NULL,'JAWA BARAT','BOGOR','JONGGOL','JONGGOL','2024-05-09 15:14:38','2024-05-09 15:14:38',NULL),(23713,32,3201,320106,3201062010,NULL,'JAWA BARAT','BOGOR','JONGGOL','BENDUNGAN','2024-05-09 15:14:38','2024-05-09 15:14:38',NULL),(23714,32,3201,320106,3201062011,NULL,'JAWA BARAT','BOGOR','JONGGOL','SINGASARI','2024-05-09 15:14:38','2024-05-09 15:14:38',NULL),(23715,32,3201,320106,3201062012,NULL,'JAWA BARAT','BOGOR','JONGGOL','BALEKAMBANG','2024-05-09 15:14:38','2024-05-09 15:14:38',NULL),(23716,32,3201,320106,3201062013,NULL,'JAWA BARAT','BOGOR','JONGGOL','SUKAJAYA','2024-05-09 15:14:38','2024-05-09 15:14:38',NULL),(23717,32,3201,320106,3201062014,NULL,'JAWA BARAT','BOGOR','JONGGOL','SUKAGALIH','2024-05-09 15:14:38','2024-05-09 15:14:38',NULL),(23718,32,3201,320107,3201072001,NULL,'JAWA BARAT','BOGOR','CILEUNGSI','PASIRANGIN','2024-05-09 15:14:38','2024-05-09 15:14:38',NULL),(23719,32,3201,320107,3201072002,NULL,'JAWA BARAT','BOGOR','CILEUNGSI','MEKARSARI','2024-05-09 15:14:38','2024-05-09 15:14:38',NULL),(23720,32,3201,320107,3201072003,NULL,'JAWA BARAT','BOGOR','CILEUNGSI','MAMPIR','2024-05-09 15:14:38','2024-05-09 15:14:38',NULL),(23721,32,3201,320107,3201072004,NULL,'JAWA BARAT','BOGOR','CILEUNGSI','DAYEUH','2024-05-09 15:14:38','2024-05-09 15:14:38',NULL),(23722,32,3201,320107,3201072005,NULL,'JAWA BARAT','BOGOR','CILEUNGSI','GANDOANG','2024-05-09 15:14:38','2024-05-09 15:14:38',NULL),(23723,32,3201,320107,3201072006,NULL,'JAWA BARAT','BOGOR','CILEUNGSI','JATISARI','2024-05-09 15:14:38','2024-05-09 15:14:38',NULL),(23724,32,3201,320107,3201072007,NULL,'JAWA BARAT','BOGOR','CILEUNGSI','CILEUNGSI KIDUL','2024-05-09 15:14:38','2024-05-09 15:14:38',NULL),(23725,32,3201,320107,3201072008,NULL,'JAWA BARAT','BOGOR','CILEUNGSI','CIPEUCANG','2024-05-09 15:14:38','2024-05-09 15:14:38',NULL),(23726,32,3201,320107,3201072009,NULL,'JAWA BARAT','BOGOR','CILEUNGSI','SITUSARI','2024-05-09 15:14:38','2024-05-09 15:14:38',NULL),(23727,32,3201,320107,3201072010,NULL,'JAWA BARAT','BOGOR','CILEUNGSI','CIPENJO','2024-05-09 15:14:38','2024-05-09 15:14:38',NULL),(23728,32,3201,320107,3201072011,NULL,'JAWA BARAT','BOGOR','CILEUNGSI','LIMUSNUNGGAL','2024-05-09 15:14:38','2024-05-09 15:14:38',NULL),(23729,32,3201,320107,3201072012,NULL,'JAWA BARAT','BOGOR','CILEUNGSI','CILEUNGSI','2024-05-09 15:14:38','2024-05-09 15:14:38',NULL),(23730,32,3201,320108,3201082001,NULL,'JAWA BARAT','BOGOR','CARIU','KARYAMEKAR','2024-05-09 15:14:38','2024-05-09 15:14:38',NULL),(23731,32,3201,320108,3201082002,NULL,'JAWA BARAT','BOGOR','CARIU','BABAKANRADEN','2024-05-09 15:14:38','2024-05-09 15:14:38',NULL),(23732,32,3201,320108,3201082003,NULL,'JAWA BARAT','BOGOR','CARIU','CIKUTAMAHI','2024-05-09 15:14:38','2024-05-09 15:14:38',NULL),(23733,32,3201,320108,3201082004,NULL,'JAWA BARAT','BOGOR','CARIU','KUTAMEKAR','2024-05-09 15:14:38','2024-05-09 15:14:38',NULL),(23734,32,3201,320108,3201082005,NULL,'JAWA BARAT','BOGOR','CARIU','CARIU','2024-05-09 15:14:38','2024-05-09 15:14:38',NULL),(23735,32,3201,320108,3201082006,NULL,'JAWA BARAT','BOGOR','CARIU','MEKARWANGI','2024-05-09 15:14:38','2024-05-09 15:14:38',NULL),(23736,32,3201,320108,3201082007,NULL,'JAWA BARAT','BOGOR','CARIU','BANTARKUNING','2024-05-09 15:14:38','2024-05-09 15:14:38',NULL),(23737,32,3201,320108,3201082008,NULL,'JAWA BARAT','BOGOR','CARIU','SUKAJADI','2024-05-09 15:14:38','2024-05-09 15:14:38',NULL),(23738,32,3201,320108,3201082009,NULL,'JAWA BARAT','BOGOR','CARIU','TEGALPANJANG','2024-05-09 15:14:38','2024-05-09 15:14:38',NULL),(23739,32,3201,320108,3201082010,NULL,'JAWA BARAT','BOGOR','CARIU','CIBATUTIGA','2024-05-09 15:14:38','2024-05-09 15:14:38',NULL),(23740,32,3201,320109,3201092001,NULL,'JAWA BARAT','BOGOR','SUKAMAKMUR','WARGAJAYA','2024-05-09 15:14:38','2024-05-09 15:14:38',NULL),(23741,32,3201,320109,3201092002,NULL,'JAWA BARAT','BOGOR','SUKAMAKMUR','PABUARAN','2024-05-09 15:14:38','2024-05-09 15:14:38',NULL),(23742,32,3201,320109,3201092003,NULL,'JAWA BARAT','BOGOR','SUKAMAKMUR','SUKADAMAI','2024-05-09 15:14:38','2024-05-09 15:14:38',NULL),(23743,32,3201,320109,3201092004,NULL,'JAWA BARAT','BOGOR','SUKAMAKMUR','SUKAWANGI','2024-05-09 15:14:38','2024-05-09 15:14:38',NULL),(23744,32,3201,320109,3201092005,NULL,'JAWA BARAT','BOGOR','SUKAMAKMUR','CIBADAK','2024-05-09 15:14:38','2024-05-09 15:14:38',NULL),(23745,32,3201,320109,3201092006,NULL,'JAWA BARAT','BOGOR','SUKAMAKMUR','SUKARESMI','2024-05-09 15:14:38','2024-05-09 15:14:38',NULL),(23746,32,3201,320109,3201092007,NULL,'JAWA BARAT','BOGOR','SUKAMAKMUR','SUKAMULYA','2024-05-09 15:14:38','2024-05-09 15:14:38',NULL),(23747,32,3201,320109,3201092008,NULL,'JAWA BARAT','BOGOR','SUKAMAKMUR','SUKAHARJA','2024-05-09 15:14:38','2024-05-09 15:14:38',NULL),(23748,32,3201,320109,3201092009,NULL,'JAWA BARAT','BOGOR','SUKAMAKMUR','SIRNAJAYA','2024-05-09 15:14:38','2024-05-09 15:14:38',NULL),(23749,32,3201,320109,3201092010,NULL,'JAWA BARAT','BOGOR','SUKAMAKMUR','SUKAMAKMUR','2024-05-09 15:14:38','2024-05-09 15:14:38',NULL),(23750,32,3201,320110,3201102001,'PAR','JAWA BARAT','BOGOR','PARUNG','PARUNG','2024-05-09 15:14:38','2024-05-09 15:14:38',NULL),(23751,32,3201,320110,3201102002,'PAR','JAWA BARAT','BOGOR','PARUNG','IWUL','2024-05-09 15:14:38','2024-05-09 15:14:38',NULL),(23752,32,3201,320110,3201102003,'PAR','JAWA BARAT','BOGOR','PARUNG','BOJONGSEMPU','2024-05-09 15:14:38','2024-05-09 15:14:38',NULL),(23753,32,3201,320110,3201102004,'PAR','JAWA BARAT','BOGOR','PARUNG','WARU','2024-05-09 15:14:38','2024-05-09 15:14:38',NULL),(23754,32,3201,320110,3201102005,'PAR','JAWA BARAT','BOGOR','PARUNG','COGREG','2024-05-09 15:14:38','2024-05-09 15:14:38',NULL),(23755,32,3201,320110,3201102006,'PAR','JAWA BARAT','BOGOR','PARUNG','PAMEGARSARI','2024-05-09 15:14:38','2024-05-09 15:14:38',NULL),(23756,32,3201,320110,3201102007,'PAR','JAWA BARAT','BOGOR','PARUNG','WARUJAYA','2024-05-09 15:14:38','2024-05-09 15:14:38',NULL),(23757,32,3201,320110,3201102008,'PAR','JAWA BARAT','BOGOR','PARUNG','BOJONGINDAH','2024-05-09 15:14:38','2024-05-09 15:14:38',NULL),(23758,32,3201,320110,3201102009,'PAR','JAWA BARAT','BOGOR','PARUNG','JABONMEKAR','2024-05-09 15:14:38','2024-05-09 15:14:38',NULL),(23759,32,3201,320111,3201112001,NULL,'JAWA BARAT','BOGOR','GUNUNG SINDUR','CIDOKOM','2024-05-09 15:14:38','2024-05-09 15:14:38',NULL),(23760,32,3201,320111,3201112002,NULL,'JAWA BARAT','BOGOR','GUNUNG SINDUR','PADURENAN','2024-05-09 15:14:38','2024-05-09 15:14:38',NULL),(23761,32,3201,320111,3201112003,NULL,'JAWA BARAT','BOGOR','GUNUNG SINDUR','PENGASINAN','2024-05-09 15:14:38','2024-05-09 15:14:38',NULL),(23762,32,3201,320111,3201112004,NULL,'JAWA BARAT','BOGOR','GUNUNG SINDUR','CURUG','2024-05-09 15:14:38','2024-05-09 15:14:38',NULL),(23763,32,3201,320111,3201112005,NULL,'JAWA BARAT','BOGOR','GUNUNG SINDUR','GUNUNGSINDUR','2024-05-09 15:14:38','2024-05-09 15:14:38',NULL),(23764,32,3201,320111,3201112006,NULL,'JAWA BARAT','BOGOR','GUNUNG SINDUR','JAMPANG','2024-05-09 15:14:38','2024-05-09 15:14:38',NULL),(23765,32,3201,320111,3201112007,NULL,'JAWA BARAT','BOGOR','GUNUNG SINDUR','CIBADUNG','2024-05-09 15:14:38','2024-05-09 15:14:38',NULL),(23766,32,3201,320111,3201112008,NULL,'JAWA BARAT','BOGOR','GUNUNG SINDUR','CIBINONG','2024-05-09 15:14:38','2024-05-09 15:14:38',NULL),(23767,32,3201,320111,3201112009,NULL,'JAWA BARAT','BOGOR','GUNUNG SINDUR','RAWAKALONG','2024-05-09 15:14:38','2024-05-09 15:14:38',NULL),(23768,32,3201,320111,3201112010,NULL,'JAWA BARAT','BOGOR','GUNUNG SINDUR','PABUARAN','2024-05-09 15:14:38','2024-05-09 15:14:38',NULL),(23769,32,3201,320112,3201121006,'KMG','JAWA BARAT','BOGOR','KEMANG','ATANG SENJAYA','2024-05-09 15:14:38','2024-05-09 15:14:38',NULL),(23770,32,3201,320112,3201122001,'KMG','JAWA BARAT','BOGOR','KEMANG','BOJONG','2024-05-09 15:14:38','2024-05-09 15:14:38',NULL),(23771,32,3201,320112,3201122002,'KMG','JAWA BARAT','BOGOR','KEMANG','PARAKANJAYA','2024-05-09 15:14:38','2024-05-09 15:14:38',NULL),(23772,32,3201,320112,3201122003,'KMG','JAWA BARAT','BOGOR','KEMANG','KEMANG','2024-05-09 15:14:38','2024-05-09 15:14:38',NULL),(23773,32,3201,320112,3201122004,'KMG','JAWA BARAT','BOGOR','KEMANG','PABUARAN','2024-05-09 15:14:38','2024-05-09 15:14:38',NULL),(23774,32,3201,320112,3201122005,'KMG','JAWA BARAT','BOGOR','KEMANG','SEMPLAK BARAT','2024-05-09 15:14:38','2024-05-09 15:14:38',NULL),(23775,32,3201,320112,3201122007,'KMG','JAWA BARAT','BOGOR','KEMANG','JAMPANG','2024-05-09 15:14:38','2024-05-09 15:14:38',NULL),(23776,32,3201,320112,3201122008,'KMG','JAWA BARAT','BOGOR','KEMANG','PONDOK UDIK','2024-05-09 15:14:38','2024-05-09 15:14:38',NULL),(23777,32,3201,320112,3201122009,'KMG','JAWA BARAT','BOGOR','KEMANG','TEGAL','2024-05-09 15:14:38','2024-05-09 15:14:38',NULL),(23778,32,3201,320113,3201131007,'BJG','JAWA BARAT','BOGOR','BOJONG GEDE','PABUARAN','2024-05-09 15:14:38','2024-05-09 15:14:38',NULL),(23779,32,3201,320113,3201132001,'BJG','JAWA BARAT','BOGOR','BOJONG GEDE','BOJONGBARU','2024-05-09 15:14:38','2024-05-09 15:14:38',NULL),(23780,32,3201,320113,3201132002,'BJG','JAWA BARAT','BOGOR','BOJONG GEDE','CIMANGGIS','2024-05-09 15:14:38','2024-05-09 15:14:38',NULL),(23781,32,3201,320113,3201132003,'BJG','JAWA BARAT','BOGOR','BOJONG GEDE','SUSUKAN','2024-05-09 15:14:38','2024-05-09 15:14:38',NULL),(23782,32,3201,320113,3201132004,'BJG','JAWA BARAT','BOGOR','BOJONG GEDE','RAGAJAYA','2024-05-09 15:14:38','2024-05-09 15:14:38',NULL),(23783,32,3201,320113,3201132005,'BJG','JAWA BARAT','BOGOR','BOJONG GEDE','KEDUNGWARINGIN','2024-05-09 15:14:38','2024-05-09 15:14:38',NULL),(23784,32,3201,320113,3201132006,'BJG','JAWA BARAT','BOGOR','BOJONG GEDE','WARINGINJAYA','2024-05-09 15:14:38','2024-05-09 15:14:38',NULL),(23785,32,3201,320113,3201132008,'BJG','JAWA BARAT','BOGOR','BOJONG GEDE','RAWAPANJANG','2024-05-09 15:14:38','2024-05-09 15:14:38',NULL),(23786,32,3201,320113,3201132009,'BJG','JAWA BARAT','BOGOR','BOJONG GEDE','BOJONGGEDE','2024-05-09 15:14:38','2024-05-09 15:14:38',NULL),(23787,32,3201,320114,3201142001,'LWL','JAWA BARAT','BOGOR','LEUWILIANG','LEUWILIANG','2024-05-09 15:14:38','2024-05-09 15:14:38',NULL),(23788,32,3201,320114,3201142002,'LWL','JAWA BARAT','BOGOR','LEUWILIANG','PURASARI','2024-05-09 15:14:38','2024-05-09 15:14:38',NULL),(23789,32,3201,320114,3201142003,'LWL','JAWA BARAT','BOGOR','LEUWILIANG','KARYASARI','2024-05-09 15:14:38','2024-05-09 15:14:38',NULL),(23790,32,3201,320114,3201142004,'LWL','JAWA BARAT','BOGOR','LEUWILIANG','PABANGBON','2024-05-09 15:14:38','2024-05-09 15:14:38',NULL),(23791,32,3201,320114,3201142005,'LWL','JAWA BARAT','BOGOR','LEUWILIANG','KARACAK','2024-05-09 15:14:38','2024-05-09 15:14:38',NULL),(23792,32,3201,320114,3201142006,'LWL','JAWA BARAT','BOGOR','LEUWILIANG','BARENGKOK','2024-05-09 15:14:38','2024-05-09 15:14:38',NULL),(23793,32,3201,320114,3201142007,'LWL','JAWA BARAT','BOGOR','LEUWILIANG','LEUWIMEKAR','2024-05-09 15:14:38','2024-05-09 15:14:38',NULL),(23794,32,3201,320114,3201142008,'LWL','JAWA BARAT','BOGOR','LEUWILIANG','PURASEDA','2024-05-09 15:14:38','2024-05-09 15:14:38',NULL),(23795,32,3201,320114,3201142009,'LWL','JAWA BARAT','BOGOR','LEUWILIANG','CIBEBER I','2024-05-09 15:14:38','2024-05-09 15:14:38',NULL),(23796,32,3201,320114,3201142010,'LWL','JAWA BARAT','BOGOR','LEUWILIANG','CIBEBER II','2024-05-09 15:14:38','2024-05-09 15:14:38',NULL),(23797,32,3201,320114,3201142011,'LWL','JAWA BARAT','BOGOR','LEUWILIANG','KAREHKEL','2024-05-09 15:14:38','2024-05-09 15:14:38',NULL),(23798,32,3201,320115,3201152001,'CMPA','JAWA BARAT','BOGOR','CIAMPEA','CIAMPEA','2024-05-09 15:14:38','2024-05-09 15:14:38',NULL),(23799,32,3201,320115,3201152002,'CMPA','JAWA BARAT','BOGOR','CIAMPEA','CINANGKA','2024-05-09 15:14:38','2024-05-09 15:14:38',NULL),(23800,32,3201,320115,3201152003,'CMPA','JAWA BARAT','BOGOR','CIAMPEA','CIHIDEUNGUDIK','2024-05-09 15:14:38','2024-05-09 15:14:38',NULL),(23801,32,3201,320115,3201152004,'CMPA','JAWA BARAT','BOGOR','CIAMPEA','BOJONGJENGKOL','2024-05-09 15:14:38','2024-05-09 15:14:38',NULL),(23802,32,3201,320115,3201152005,'CMPA','JAWA BARAT','BOGOR','CIAMPEA','TEGALWARU','2024-05-09 15:14:38','2024-05-09 15:14:38',NULL),(23803,32,3201,320115,3201152006,'CMPA','JAWA BARAT','BOGOR','CIAMPEA','CIBUNTU','2024-05-09 15:14:38','2024-05-09 15:14:38',NULL),(23804,32,3201,320115,3201152007,'CMPA','JAWA BARAT','BOGOR','CIAMPEA','CICADAS','2024-05-09 15:14:38','2024-05-09 15:14:38',NULL),(23805,32,3201,320115,3201152008,'CMPA','JAWA BARAT','BOGOR','CIAMPEA','CIBADAK','2024-05-09 15:14:38','2024-05-09 15:14:38',NULL),(23806,32,3201,320115,3201152009,'CMPA','JAWA BARAT','BOGOR','CIAMPEA','BOJONGRANGKAS','2024-05-09 15:14:38','2024-05-09 15:14:38',NULL),(23807,32,3201,320115,3201152010,'CMPA','JAWA BARAT','BOGOR','CIAMPEA','CIHIDEUNGHILIR','2024-05-09 15:14:38','2024-05-09 15:14:38',NULL),(23808,32,3201,320115,3201152011,'CMPA','JAWA BARAT','BOGOR','CIAMPEA','CIBANTENG','2024-05-09 15:14:38','2024-05-09 15:14:38',NULL),(23809,32,3201,320115,3201152012,'CMPA','JAWA BARAT','BOGOR','CIAMPEA','BENTENG','2024-05-09 15:14:38','2024-05-09 15:14:38',NULL),(23810,32,3201,320115,3201152013,'CMPA','JAWA BARAT','BOGOR','CIAMPEA','CIAMPEA UDIK','2024-05-09 15:14:38','2024-05-09 15:14:38',NULL),(23811,32,3201,320116,3201162001,'CBBG','JAWA BARAT','BOGOR','CIBUNGBULANG','SITU UDIK','2024-05-09 15:14:38','2024-05-09 15:14:38',NULL),(23812,32,3201,320116,3201162002,'CBBG','JAWA BARAT','BOGOR','CIBUNGBULANG','SITU ILIR','2024-05-09 15:14:38','2024-05-09 15:14:38',NULL),(23813,32,3201,320116,3201162003,'CBBG','JAWA BARAT','BOGOR','CIBUNGBULANG','CEMPLANG','2024-05-09 15:14:38','2024-05-09 15:14:38',NULL),(23814,32,3201,320116,3201162004,'CBBG','JAWA BARAT','BOGOR','CIBUNGBULANG','CIBATOK I','2024-05-09 15:14:38','2024-05-09 15:14:38',NULL),(23815,32,3201,320116,3201162005,'CBBG','JAWA BARAT','BOGOR','CIBUNGBULANG','CIARUTEUN UDIK','2024-05-09 15:14:38','2024-05-09 15:14:38',NULL),(23816,32,3201,320116,3201162006,'CBBG','JAWA BARAT','BOGOR','CIBUNGBULANG','LEUWEUNGKOLOT','2024-05-09 15:14:38','2024-05-09 15:14:38',NULL),(23817,32,3201,320116,3201162007,'CBBG','JAWA BARAT','BOGOR','CIBUNGBULANG','CIMANGGU I','2024-05-09 15:14:38','2024-05-09 15:14:38',NULL),(23818,32,3201,320116,3201162008,'CBBG','JAWA BARAT','BOGOR','CIBUNGBULANG','CIMANGGU II','2024-05-09 15:14:38','2024-05-09 15:14:38',NULL),(23819,32,3201,320116,3201162009,'CBBG','JAWA BARAT','BOGOR','CIBUNGBULANG','DUKUH','2024-05-09 15:14:38','2024-05-09 15:14:38',NULL),(23820,32,3201,320116,3201162010,'CBBG','JAWA BARAT','BOGOR','CIBUNGBULANG','CIJUJUNG','2024-05-09 15:14:38','2024-05-09 15:14:38',NULL),(23821,32,3201,320116,3201162011,'CBBG','JAWA BARAT','BOGOR','CIBUNGBULANG','CIARUTEUN ILIR','2024-05-09 15:14:38','2024-05-09 15:14:38',NULL),(23822,32,3201,320116,3201162012,'CBBG','JAWA BARAT','BOGOR','CIBUNGBULANG','CIBATOK II','2024-05-09 15:14:38','2024-05-09 15:14:38',NULL),(23823,32,3201,320116,3201162013,'CBBG','JAWA BARAT','BOGOR','CIBUNGBULANG','SUKAMAJU','2024-05-09 15:14:38','2024-05-09 15:14:38',NULL),(23824,32,3201,320116,3201162014,'CBBG','JAWA BARAT','BOGOR','CIBUNGBULANG','GALUGA','2024-05-09 15:14:38','2024-05-09 15:14:38',NULL),(23825,32,3201,320116,3201162015,'CBBG','JAWA BARAT','BOGOR','CIBUNGBULANG','GIRIMULYA','2024-05-09 15:14:38','2024-05-09 15:14:38',NULL),(23826,32,3201,320117,3201172001,'PMJH','JAWA BARAT','BOGOR','PAMIJAHAN','PURWABAKTI','2024-05-09 15:14:38','2024-05-09 15:14:38',NULL),(23827,32,3201,320117,3201172002,'PMJH','JAWA BARAT','BOGOR','PAMIJAHAN','CIBUNIAN','2024-05-09 15:14:38','2024-05-09 15:14:38',NULL),(23828,32,3201,320117,3201172003,'PMJH','JAWA BARAT','BOGOR','PAMIJAHAN','CIBITUNGWETAN','2024-05-09 15:14:38','2024-05-09 15:14:38',NULL),(23829,32,3201,320117,3201172004,'PMJH','JAWA BARAT','BOGOR','PAMIJAHAN','GUNUNGMENYAN','2024-05-09 15:14:38','2024-05-09 15:14:38',NULL),(23830,32,3201,320117,3201172005,'PMJH','JAWA BARAT','BOGOR','PAMIJAHAN','GUNUNGBUNDER II','2024-05-09 15:14:38','2024-05-09 15:14:38',NULL),(23831,32,3201,320117,3201172006,'PMJH','JAWA BARAT','BOGOR','PAMIJAHAN','PASAREAN','2024-05-09 15:14:38','2024-05-09 15:14:38',NULL),(23832,32,3201,320117,3201172007,'PMJH','JAWA BARAT','BOGOR','PAMIJAHAN','CIMAYANG','2024-05-09 15:14:38','2024-05-09 15:14:38',NULL),(23833,32,3201,320117,3201172008,'PMJH','JAWA BARAT','BOGOR','PAMIJAHAN','PAMIJAHAN','2024-05-09 15:14:38','2024-05-09 15:14:38',NULL),(23834,32,3201,320117,3201172009,'PMJH','JAWA BARAT','BOGOR','PAMIJAHAN','CIBENING','2024-05-09 15:14:38','2024-05-09 15:14:38',NULL),(23835,32,3201,320117,3201172010,'PMJH','JAWA BARAT','BOGOR','PAMIJAHAN','GUNUNGBUNDER I','2024-05-09 15:14:38','2024-05-09 15:14:38',NULL),(23836,32,3201,320117,3201172011,'PMJH','JAWA BARAT','BOGOR','PAMIJAHAN','CIBITUNG KULON','2024-05-09 15:14:38','2024-05-09 15:14:38',NULL),(23837,32,3201,320117,3201172012,'PMJH','JAWA BARAT','BOGOR','PAMIJAHAN','GUNUNG PICUNG','2024-05-09 15:14:38','2024-05-09 15:14:38',NULL),(23838,32,3201,320117,3201172013,'PMJH','JAWA BARAT','BOGOR','PAMIJAHAN','CIASIHAN','2024-05-09 15:14:38','2024-05-09 15:14:38',NULL),(23839,32,3201,320117,3201172014,'PMJH','JAWA BARAT','BOGOR','PAMIJAHAN','GUNUNGSARI','2024-05-09 15:14:38','2024-05-09 15:14:38',NULL),(23840,32,3201,320117,3201172015,'PMJH','JAWA BARAT','BOGOR','PAMIJAHAN','CIASMARA','2024-05-09 15:14:38','2024-05-09 15:14:38',NULL),(23841,32,3201,320118,3201182001,'RPN','JAWA BARAT','BOGOR','RUMPIN','RUMPIN','2024-05-09 15:14:38','2024-05-09 15:14:38',NULL),(23842,32,3201,320118,3201182002,'RPN','JAWA BARAT','BOGOR','RUMPIN','LEUWIBATU','2024-05-09 15:14:38','2024-05-09 15:14:38',NULL),(23843,32,3201,320118,3201182003,'RPN','JAWA BARAT','BOGOR','RUMPIN','CIDOKOM','2024-05-09 15:14:38','2024-05-09 15:14:38',NULL),(23844,32,3201,320118,3201182004,'RPN','JAWA BARAT','BOGOR','RUMPIN','GOBANG','2024-05-09 15:14:38','2024-05-09 15:14:38',NULL),(23845,32,3201,320118,3201182005,'RPN','JAWA BARAT','BOGOR','RUMPIN','CIBODAS','2024-05-09 15:14:38','2024-05-09 15:14:38',NULL),(23846,32,3201,320118,3201182006,'RPN','JAWA BARAT','BOGOR','RUMPIN','RABAK','2024-05-09 15:14:38','2024-05-09 15:14:38',NULL),(23847,32,3201,320118,3201182007,'RPN','JAWA BARAT','BOGOR','RUMPIN','KAMPUNGSAWAH','2024-05-09 15:14:38','2024-05-09 15:14:38',NULL),(23848,32,3201,320118,3201182008,'RPN','JAWA BARAT','BOGOR','RUMPIN','CIPINANG','2024-05-09 15:14:38','2024-05-09 15:14:38',NULL),(23849,32,3201,320118,3201182009,'RPN','JAWA BARAT','BOGOR','RUMPIN','SUKASARI','2024-05-09 15:14:38','2024-05-09 15:14:38',NULL),(23850,32,3201,320118,3201182010,'RPN','JAWA BARAT','BOGOR','RUMPIN','TAMANSARI','2024-05-09 15:14:38','2024-05-09 15:14:38',NULL),(23851,32,3201,320118,3201182011,'RPN','JAWA BARAT','BOGOR','RUMPIN','KERTAJAYA','2024-05-09 15:14:38','2024-05-09 15:14:38',NULL),(23852,32,3201,320118,3201182012,'RPN','JAWA BARAT','BOGOR','RUMPIN','SUKAMULYA','2024-05-09 15:14:38','2024-05-09 15:14:38',NULL),(23853,32,3201,320118,3201182013,'RPN','JAWA BARAT','BOGOR','RUMPIN','MEKARSARI','2024-05-09 15:14:38','2024-05-09 15:14:38',NULL),(23854,32,3201,320118,3201182014,'RPN','JAWA BARAT','BOGOR','RUMPIN','MEKARJAYA','2024-05-09 15:14:38','2024-05-09 15:14:38',NULL),(23855,32,3201,320119,3201192001,'JAS','JAWA BARAT','BOGOR','JASINGA','CURUG','2024-05-09 15:14:38','2024-05-09 15:14:38',NULL),(23856,32,3201,320119,3201192002,'JAS','JAWA BARAT','BOGOR','JASINGA','PANGRADIN','2024-05-09 15:14:38','2024-05-09 15:14:38',NULL),(23857,32,3201,320119,3201192003,'JAS','JAWA BARAT','BOGOR','JASINGA','KALONGSAWAH','2024-05-09 15:14:38','2024-05-09 15:14:38',NULL),(23858,32,3201,320119,3201192004,'JAS','JAWA BARAT','BOGOR','JASINGA','SIPAK','2024-05-09 15:14:38','2024-05-09 15:14:38',NULL),(23859,32,3201,320119,3201192005,'JAS','JAWA BARAT','BOGOR','JASINGA','JASINGA','2024-05-09 15:14:38','2024-05-09 15:14:38',NULL),(23860,32,3201,320119,3201192006,'JAS','JAWA BARAT','BOGOR','JASINGA','KOLEANG','2024-05-09 15:14:38','2024-05-09 15:14:38',NULL),(23861,32,3201,320119,3201192007,'JAS','JAWA BARAT','BOGOR','JASINGA','CIKOPOMAYAK','2024-05-09 15:14:38','2024-05-09 15:14:38',NULL),(23862,32,3201,320119,3201192008,'JAS','JAWA BARAT','BOGOR','JASINGA','SETU','2024-05-09 15:14:38','2024-05-09 15:14:38',NULL),(23863,32,3201,320119,3201192009,'JAS','JAWA BARAT','BOGOR','JASINGA','BARENGKOK','2024-05-09 15:14:38','2024-05-09 15:14:38',NULL),(23864,32,3201,320119,3201192010,'JAS','JAWA BARAT','BOGOR','JASINGA','BAGOANG','2024-05-09 15:14:38','2024-05-09 15:14:38',NULL),(23865,32,3201,320119,3201192011,'JAS','JAWA BARAT','BOGOR','JASINGA','PANGAUR','2024-05-09 15:14:38','2024-05-09 15:14:38',NULL),(23866,32,3201,320119,3201192012,'JAS','JAWA BARAT','BOGOR','JASINGA','PAMAGERSARI','2024-05-09 15:14:38','2024-05-09 15:14:38',NULL),(23867,32,3201,320119,3201192013,'JAS','JAWA BARAT','BOGOR','JASINGA','JUGALA JAYA','2024-05-09 15:14:38','2024-05-09 15:14:38',NULL),(23868,32,3201,320119,3201192014,'JAS','JAWA BARAT','BOGOR','JASINGA','TEGALWANGI','2024-05-09 15:14:38','2024-05-09 15:14:38',NULL),(23869,32,3201,320119,3201192015,'JAS','JAWA BARAT','BOGOR','JASINGA','NEGLASARI','2024-05-09 15:14:38','2024-05-09 15:14:38',NULL),(23870,32,3201,320119,3201192016,'JAS','JAWA BARAT','BOGOR','JASINGA','WIRAJAYA','2024-05-09 15:14:38','2024-05-09 15:14:38',NULL),(23871,32,3201,320120,3201202001,'PRPG','JAWA BARAT','BOGOR','PARUNG PANJANG','JAGABAYA','2024-05-09 15:14:38','2024-05-09 15:14:38',NULL),(23872,32,3201,320120,3201202002,'PRPG','JAWA BARAT','BOGOR','PARUNG PANJANG','GOROWONG','2024-05-09 15:14:38','2024-05-09 15:14:38',NULL),(23873,32,3201,320120,3201202003,'PRPG','JAWA BARAT','BOGOR','PARUNG PANJANG','DAGO','2024-05-09 15:14:38','2024-05-09 15:14:38',NULL),(23874,32,3201,320120,3201202004,'PRPG','JAWA BARAT','BOGOR','PARUNG PANJANG','PINGKU','2024-05-09 15:14:38','2024-05-09 15:14:38',NULL),(23875,32,3201,320120,3201202005,'PRPG','JAWA BARAT','BOGOR','PARUNG PANJANG','CIKUDA','2024-05-09 15:14:38','2024-05-09 15:14:38',NULL),(23876,32,3201,320120,3201202006,'PRPG','JAWA BARAT','BOGOR','PARUNG PANJANG','PARUNGPANJANG','2024-05-09 15:14:38','2024-05-09 15:14:38',NULL),(23877,32,3201,320120,3201202007,'PRPG','JAWA BARAT','BOGOR','PARUNG PANJANG','LUMPANG','2024-05-09 15:14:38','2024-05-09 15:14:38',NULL),(23878,32,3201,320120,3201202008,'PRPG','JAWA BARAT','BOGOR','PARUNG PANJANG','CIBUNAR','2024-05-09 15:14:38','2024-05-09 15:14:38',NULL),(23879,32,3201,320120,3201202009,'PRPG','JAWA BARAT','BOGOR','PARUNG PANJANG','JAGABITA','2024-05-09 15:14:38','2024-05-09 15:14:38',NULL),(23880,32,3201,320120,3201202010,'PRPG','JAWA BARAT','BOGOR','PARUNG PANJANG','GINTUNGCILEJET','2024-05-09 15:14:38','2024-05-09 15:14:38',NULL),(23881,32,3201,320120,3201202011,'PRPG','JAWA BARAT','BOGOR','PARUNG PANJANG','KABASIRAN','2024-05-09 15:14:38','2024-05-09 15:14:38',NULL),(23882,32,3201,320121,3201212001,'NGG','JAWA BARAT','BOGOR','NANGGUNG','MALASARI','2024-05-09 15:14:38','2024-05-09 15:14:38',NULL),(23883,32,3201,320121,3201212002,'NGG','JAWA BARAT','BOGOR','NANGGUNG','CURUGBITUNG','2024-05-09 15:14:38','2024-05-09 15:14:38',NULL),(23884,32,3201,320121,3201212003,'NGG','JAWA BARAT','BOGOR','NANGGUNG','CISARUA','2024-05-09 15:14:38','2024-05-09 15:14:38',NULL),(23885,32,3201,320121,3201212004,'NGG','JAWA BARAT','BOGOR','NANGGUNG','BANTARKARET','2024-05-09 15:14:38','2024-05-09 15:14:38',NULL),(23886,32,3201,320121,3201212005,'NGG','JAWA BARAT','BOGOR','NANGGUNG','HAMBARO','2024-05-09 15:14:38','2024-05-09 15:14:38',NULL),(23887,32,3201,320121,3201212006,'NGG','JAWA BARAT','BOGOR','NANGGUNG','KALONGLIUD','2024-05-09 15:14:38','2024-05-09 15:14:38',NULL),(23888,32,3201,320121,3201212007,'NGG','JAWA BARAT','BOGOR','NANGGUNG','NANGGUNG','2024-05-09 15:14:38','2024-05-09 15:14:38',NULL),(23889,32,3201,320121,3201212008,'NGG','JAWA BARAT','BOGOR','NANGGUNG','PARAKANMUNCANG','2024-05-09 15:14:38','2024-05-09 15:14:38',NULL),(23890,32,3201,320121,3201212009,'NGG','JAWA BARAT','BOGOR','NANGGUNG','PANGKALJAYA','2024-05-09 15:14:38','2024-05-09 15:14:38',NULL),(23891,32,3201,320121,3201212010,'NGG','JAWA BARAT','BOGOR','NANGGUNG','SUKALUYU','2024-05-09 15:14:38','2024-05-09 15:14:38',NULL),(23892,32,3201,320121,3201212011,'NGG','JAWA BARAT','BOGOR','NANGGUNG','BATU TULIS','2024-05-09 15:14:38','2024-05-09 15:14:38',NULL),(23893,32,3201,320122,3201222001,'CDG','JAWA BARAT','BOGOR','CIGUDEG','SUKAMAJU','2024-05-09 15:14:38','2024-05-09 15:14:38',NULL),(23894,32,3201,320122,3201222002,'CDG','JAWA BARAT','BOGOR','CIGUDEG','CIGUDEG','2024-05-09 15:14:38','2024-05-09 15:14:38',NULL),(23895,32,3201,320122,3201222003,'CDG','JAWA BARAT','BOGOR','CIGUDEG','BUNAR','2024-05-09 15:14:38','2024-05-09 15:14:38',NULL),(23896,32,3201,320122,3201222004,'CDG','JAWA BARAT','BOGOR','CIGUDEG','BANYURESMI','2024-05-09 15:14:38','2024-05-09 15:14:38',NULL),(23897,32,3201,320122,3201222005,'CDG','JAWA BARAT','BOGOR','CIGUDEG','CINTAMANIK','2024-05-09 15:14:38','2024-05-09 15:14:38',NULL),(23898,32,3201,320122,3201222006,'CDG','JAWA BARAT','BOGOR','CIGUDEG','ARGAPURA','2024-05-09 15:14:38','2024-05-09 15:14:38',NULL),(23899,32,3201,320122,3201222007,'CDG','JAWA BARAT','BOGOR','CIGUDEG','BANGUNJAYA','2024-05-09 15:14:38','2024-05-09 15:14:38',NULL),(23900,32,3201,320122,3201222008,'CDG','JAWA BARAT','BOGOR','CIGUDEG','RENGASJAJAR','2024-05-09 15:14:38','2024-05-09 15:14:38',NULL),(23901,32,3201,320122,3201222009,'CDG','JAWA BARAT','BOGOR','CIGUDEG','BATUJAJAR','2024-05-09 15:14:38','2024-05-09 15:14:38',NULL),(23902,32,3201,320122,3201222010,'CDG','JAWA BARAT','BOGOR','CIGUDEG','WARGAJAYA','2024-05-09 15:14:38','2024-05-09 15:14:38',NULL),(23903,32,3201,320122,3201222011,'CDG','JAWA BARAT','BOGOR','CIGUDEG','SUKARAKSA','2024-05-09 15:14:38','2024-05-09 15:14:38',NULL),(23904,32,3201,320122,3201222012,'CDG','JAWA BARAT','BOGOR','CIGUDEG','BANYUWANGI','2024-05-09 15:14:38','2024-05-09 15:14:38',NULL),(23905,32,3201,320122,3201222013,'CDG','JAWA BARAT','BOGOR','CIGUDEG','BANYUASIH','2024-05-09 15:14:38','2024-05-09 15:14:38',NULL),(23906,32,3201,320122,3201222014,'CDG','JAWA BARAT','BOGOR','CIGUDEG','MEKARJAYA','2024-05-09 15:14:38','2024-05-09 15:14:38',NULL),(23907,32,3201,320122,3201222015,'CDG','JAWA BARAT','BOGOR','CIGUDEG','TEGALLEGA','2024-05-09 15:14:38','2024-05-09 15:14:38',NULL),(23908,32,3201,320123,3201232001,NULL,'JAWA BARAT','BOGOR','TENJO','TAPOS','2024-05-09 15:14:38','2024-05-09 15:14:38',NULL),(23909,32,3201,320123,3201232002,NULL,'JAWA BARAT','BOGOR','TENJO','CIOMAS','2024-05-09 15:14:38','2024-05-09 15:14:38',NULL),(23910,32,3201,320123,3201232003,NULL,'JAWA BARAT','BOGOR','TENJO','BATOK','2024-05-09 15:14:38','2024-05-09 15:14:38',NULL),(23911,32,3201,320123,3201232004,NULL,'JAWA BARAT','BOGOR','TENJO','BABAKAN','2024-05-09 15:14:38','2024-05-09 15:14:38',NULL),(23912,32,3201,320123,3201232005,NULL,'JAWA BARAT','BOGOR','TENJO','TENJO','2024-05-09 15:14:38','2024-05-09 15:14:38',NULL),(23913,32,3201,320123,3201232006,NULL,'JAWA BARAT','BOGOR','TENJO','CILAKU','2024-05-09 15:14:38','2024-05-09 15:14:38',NULL),(23914,32,3201,320123,3201232007,NULL,'JAWA BARAT','BOGOR','TENJO','SINGABRAJA','2024-05-09 15:14:38','2024-05-09 15:14:38',NULL),(23915,32,3201,320123,3201232008,NULL,'JAWA BARAT','BOGOR','TENJO','SINGABANGSA','2024-05-09 15:14:38','2024-05-09 15:14:38',NULL),(23916,32,3201,320123,3201232009,NULL,'JAWA BARAT','BOGOR','TENJO','BOJONG','2024-05-09 15:14:38','2024-05-09 15:14:38',NULL),(23917,32,3201,320124,3201242001,'CAW','JAWA BARAT','BOGOR','CIAWI','CILEUNGSI','2024-05-09 15:14:38','2024-05-09 15:14:38',NULL),(23918,32,3201,320124,3201242002,'CAW','JAWA BARAT','BOGOR','CIAWI','CITAPEN','2024-05-09 15:14:38','2024-05-09 15:14:38',NULL),(23919,32,3201,320124,3201242003,'CAW','JAWA BARAT','BOGOR','CIAWI','CIBEDUG','2024-05-09 15:14:38','2024-05-09 15:14:38',NULL),(23920,32,3201,320124,3201242004,'CAW','JAWA BARAT','BOGOR','CIAWI','JAMBULUWUK','2024-05-09 15:14:38','2024-05-09 15:14:38',NULL),(23921,32,3201,320124,3201242005,'CAW','JAWA BARAT','BOGOR','CIAWI','BANJARSARI','2024-05-09 15:14:38','2024-05-09 15:14:38',NULL),(23922,32,3201,320124,3201242006,'CAW','JAWA BARAT','BOGOR','CIAWI','TELUK PINANG','2024-05-09 15:14:38','2024-05-09 15:14:38',NULL),(23923,32,3201,320124,3201242007,'CAW','JAWA BARAT','BOGOR','CIAWI','BANJAR WARU','2024-05-09 15:14:38','2024-05-09 15:14:38',NULL),(23924,32,3201,320124,3201242008,'CAW','JAWA BARAT','BOGOR','CIAWI','BENDUNGAN','2024-05-09 15:14:38','2024-05-09 15:14:38',NULL),(23925,32,3201,320124,3201242009,'CAW','JAWA BARAT','BOGOR','CIAWI','PANDAN SARI','2024-05-09 15:14:38','2024-05-09 15:14:38',NULL),(23926,32,3201,320124,3201242010,'CAW','JAWA BARAT','BOGOR','CIAWI','BOJONG MURNI','2024-05-09 15:14:38','2024-05-09 15:14:38',NULL),(23927,32,3201,320124,3201242011,'CAW','JAWA BARAT','BOGOR','CIAWI','BANJAR WANGI','2024-05-09 15:14:38','2024-05-09 15:14:38',NULL),(23928,32,3201,320124,3201242012,'CAW','JAWA BARAT','BOGOR','CIAWI','CIAWI','2024-05-09 15:14:38','2024-05-09 15:14:38',NULL),(23929,32,3201,320124,3201242013,'CAW','JAWA BARAT','BOGOR','CIAWI','BITUNGSARI','2024-05-09 15:14:38','2024-05-09 15:14:38',NULL),(23930,32,3201,320125,3201251010,'CIS','JAWA BARAT','BOGOR','CISARUA','CISARUA','2024-05-09 15:14:38','2024-05-09 15:14:38',NULL),(23931,32,3201,320125,3201252001,'CIS','JAWA BARAT','BOGOR','CISARUA','BATULAYANG','2024-05-09 15:14:38','2024-05-09 15:14:38',NULL),(23932,32,3201,320125,3201252002,'CIS','JAWA BARAT','BOGOR','CISARUA','JOGJOGAN','2024-05-09 15:14:38','2024-05-09 15:14:38',NULL),(23933,32,3201,320125,3201252003,'CIS','JAWA BARAT','BOGOR','CISARUA','CIBEUREUM','2024-05-09 15:14:38','2024-05-09 15:14:38',NULL),(23934,32,3201,320125,3201252004,'CIS','JAWA BARAT','BOGOR','CISARUA','CILEMBER','2024-05-09 15:14:38','2024-05-09 15:14:38',NULL),(23935,32,3201,320125,3201252005,'CIS','JAWA BARAT','BOGOR','CISARUA','CITEKO','2024-05-09 15:14:38','2024-05-09 15:14:38',NULL),(23936,32,3201,320125,3201252006,'CIS','JAWA BARAT','BOGOR','CISARUA','TUGU SELATAN','2024-05-09 15:14:38','2024-05-09 15:14:38',NULL),(23937,32,3201,320125,3201252007,'CIS','JAWA BARAT','BOGOR','CISARUA','LEUWIMALANG','2024-05-09 15:14:38','2024-05-09 15:14:38',NULL),(23938,32,3201,320125,3201252008,'CIS','JAWA BARAT','BOGOR','CISARUA','KOPO','2024-05-09 15:14:38','2024-05-09 15:14:38',NULL),(23939,32,3201,320125,3201252009,'CIS','JAWA BARAT','BOGOR','CISARUA','TUGU UTARA','2024-05-09 15:14:38','2024-05-09 15:14:38',NULL),(23940,32,3201,320126,3201262001,'MEG','JAWA BARAT','BOGOR','MEGAMENDUNG','SUKAMAJU','2024-05-09 15:14:38','2024-05-09 15:14:38',NULL),(23941,32,3201,320126,3201262002,'MEG','JAWA BARAT','BOGOR','MEGAMENDUNG','KUTA','2024-05-09 15:14:38','2024-05-09 15:14:38',NULL),(23942,32,3201,320126,3201262003,'MEG','JAWA BARAT','BOGOR','MEGAMENDUNG','GADOG','2024-05-09 15:14:38','2024-05-09 15:14:38',NULL),(23943,32,3201,320126,3201262004,'MEG','JAWA BARAT','BOGOR','MEGAMENDUNG','SUKAKARYA','2024-05-09 15:14:38','2024-05-09 15:14:38',NULL),(23944,32,3201,320126,3201262005,'MEG','JAWA BARAT','BOGOR','MEGAMENDUNG','MEGAMENDUNG','2024-05-09 15:14:38','2024-05-09 15:14:38',NULL),(23945,32,3201,320126,3201262006,'MEG','JAWA BARAT','BOGOR','MEGAMENDUNG','CIPAYUNG','2024-05-09 15:14:38','2024-05-09 15:14:38',NULL),(23946,32,3201,320126,3201262007,'MEG','JAWA BARAT','BOGOR','MEGAMENDUNG','SUKAMANAH','2024-05-09 15:14:38','2024-05-09 15:14:38',NULL),(23947,32,3201,320126,3201262008,'MEG','JAWA BARAT','BOGOR','MEGAMENDUNG','SUKAGALIH','2024-05-09 15:14:38','2024-05-09 15:14:38',NULL),(23948,32,3201,320126,3201262009,'MEG','JAWA BARAT','BOGOR','MEGAMENDUNG','CIPAYUNG GIRANG','2024-05-09 15:14:38','2024-05-09 15:14:38',NULL),(23949,32,3201,320126,3201262010,'MEG','JAWA BARAT','BOGOR','MEGAMENDUNG','SUKAMAHI','2024-05-09 15:14:38','2024-05-09 15:14:38',NULL),(23950,32,3201,320126,3201262011,'MEG','JAWA BARAT','BOGOR','MEGAMENDUNG','SUKARESMI','2024-05-09 15:14:38','2024-05-09 15:14:38',NULL),(23951,32,3201,320126,3201262012,'MEG','JAWA BARAT','BOGOR','MEGAMENDUNG','PASIR ANGIN','2024-05-09 15:14:38','2024-05-09 15:14:38',NULL),(23952,32,3201,320127,3201272001,'CAR','JAWA BARAT','BOGOR','CARINGIN','PASIR MUNCANG','2024-05-09 15:14:38','2024-05-09 15:14:38',NULL),(23953,32,3201,320127,3201272002,'CAR','JAWA BARAT','BOGOR','CARINGIN','CIMANDE HILIR','2024-05-09 15:14:38','2024-05-09 15:14:38',NULL),(23954,32,3201,320127,3201272003,'CAR','JAWA BARAT','BOGOR','CARINGIN','CIDERUM','2024-05-09 15:14:38','2024-05-09 15:14:38',NULL),(23955,32,3201,320127,3201272004,'CAR','JAWA BARAT','BOGOR','CARINGIN','CARINGIN','2024-05-09 15:14:38','2024-05-09 15:14:38',NULL),(23956,32,3201,320127,3201272005,'CAR','JAWA BARAT','BOGOR','CARINGIN','CIHERANG PONDOK','2024-05-09 15:14:38','2024-05-09 15:14:38',NULL),(23957,32,3201,320127,3201272006,'CAR','JAWA BARAT','BOGOR','CARINGIN','CINAGARA','2024-05-09 15:14:38','2024-05-09 15:14:38',NULL),(23958,32,3201,320127,3201272007,'CAR','JAWA BARAT','BOGOR','CARINGIN','CIMANDE','2024-05-09 15:14:38','2024-05-09 15:14:38',NULL),(23959,32,3201,320127,3201272008,'CAR','JAWA BARAT','BOGOR','CARINGIN','PANCAWATI','2024-05-09 15:14:38','2024-05-09 15:14:38',NULL),(23960,32,3201,320127,3201272009,'CAR','JAWA BARAT','BOGOR','CARINGIN','MUARA JAYA','2024-05-09 15:14:38','2024-05-09 15:14:38',NULL),(23961,32,3201,320127,3201272010,'CAR','JAWA BARAT','BOGOR','CARINGIN','PASIR BUNCIR','2024-05-09 15:14:38','2024-05-09 15:14:38',NULL),(23962,32,3201,320127,3201272011,'CAR','JAWA BARAT','BOGOR','CARINGIN','LEMAH DUHUR','2024-05-09 15:14:38','2024-05-09 15:14:38',NULL),(23963,32,3201,320127,3201272012,'CAR','JAWA BARAT','BOGOR','CARINGIN','TANGKIL','2024-05-09 15:14:38','2024-05-09 15:14:38',NULL),(23964,32,3201,320128,3201282001,'CIJ','JAWA BARAT','BOGOR','CIJERUK','CIJERUK','2024-05-09 15:14:38','2024-05-09 15:14:38',NULL),(23965,32,3201,320128,3201282002,'CIJ','JAWA BARAT','BOGOR','CIJERUK','CIPELANG','2024-05-09 15:14:38','2024-05-09 15:14:38',NULL),(23966,32,3201,320128,3201282003,'CIJ','JAWA BARAT','BOGOR','CIJERUK','WARUNG MENTENG','2024-05-09 15:14:38','2024-05-09 15:14:38',NULL),(23967,32,3201,320128,3201282004,'CIJ','JAWA BARAT','BOGOR','CIJERUK','TAJUR HALANG','2024-05-09 15:14:38','2024-05-09 15:14:38',NULL),(23968,32,3201,320128,3201282005,'CIJ','JAWA BARAT','BOGOR','CIJERUK','CIPICUNG','2024-05-09 15:14:38','2024-05-09 15:14:38',NULL),(23969,32,3201,320128,3201282006,'CIJ','JAWA BARAT','BOGOR','CIJERUK','CIBALUNG','2024-05-09 15:14:38','2024-05-09 15:14:38',NULL),(23970,32,3201,320128,3201282007,'CIJ','JAWA BARAT','BOGOR','CIJERUK','SUKAHARJA','2024-05-09 15:14:38','2024-05-09 15:14:38',NULL),(23971,32,3201,320128,3201282008,'CIJ','JAWA BARAT','BOGOR','CIJERUK','PALASARI','2024-05-09 15:14:38','2024-05-09 15:14:38',NULL),(23972,32,3201,320128,3201282009,'CIJ','JAWA BARAT','BOGOR','CIJERUK','TANJUNGSARI','2024-05-09 15:14:38','2024-05-09 15:14:38',NULL),(23973,32,3201,320129,3201291003,'CMS','JAWA BARAT','BOGOR','CIOMAS','PADASUKA','2024-05-09 15:14:38','2024-05-09 15:14:38',NULL),(23974,32,3201,320129,3201292001,'CMS','JAWA BARAT','BOGOR','CIOMAS','MEKARJAYA','2024-05-09 15:14:38','2024-05-09 15:14:38',NULL),(23975,32,3201,320129,3201292002,'CMS','JAWA BARAT','BOGOR','CIOMAS','SUKAHARJA','2024-05-09 15:14:38','2024-05-09 15:14:38',NULL),(23976,32,3201,320129,3201292004,'CMS','JAWA BARAT','BOGOR','CIOMAS','PARAKAN','2024-05-09 15:14:38','2024-05-09 15:14:38',NULL),(23977,32,3201,320129,3201292005,'CMS','JAWA BARAT','BOGOR','CIOMAS','CIOMAS','2024-05-09 15:14:38','2024-05-09 15:14:38',NULL),(23978,32,3201,320129,3201292006,'CMS','JAWA BARAT','BOGOR','CIOMAS','PAGELARAN','2024-05-09 15:14:38','2024-05-09 15:14:38',NULL),(23979,32,3201,320129,3201292007,'CMS','JAWA BARAT','BOGOR','CIOMAS','SUKAMAKMUR','2024-05-09 15:14:38','2024-05-09 15:14:38',NULL),(23980,32,3201,320129,3201292008,'CMS','JAWA BARAT','BOGOR','CIOMAS','CIAPUS','2024-05-09 15:14:38','2024-05-09 15:14:38',NULL),(23981,32,3201,320129,3201292009,'CMS','JAWA BARAT','BOGOR','CIOMAS','KOTA BATU','2024-05-09 15:14:38','2024-05-09 15:14:38',NULL),(23982,32,3201,320129,3201292010,'CMS','JAWA BARAT','BOGOR','CIOMAS','LALADON','2024-05-09 15:14:38','2024-05-09 15:14:38',NULL),(23983,32,3201,320129,3201292011,'CMS','JAWA BARAT','BOGOR','CIOMAS','CIOMAS RAHAYU','2024-05-09 15:14:38','2024-05-09 15:14:38',NULL),(23984,32,3201,320130,3201302001,'DRM','JAWA BARAT','BOGOR','DRAMAGA','SUKADAMAI','2024-05-09 15:14:38','2024-05-09 15:14:38',NULL),(23985,32,3201,320130,3201302002,'DRM','JAWA BARAT','BOGOR','DRAMAGA','CIHERANG','2024-05-09 15:14:38','2024-05-09 15:14:38',NULL),(23986,32,3201,320130,3201302003,'DRM','JAWA BARAT','BOGOR','DRAMAGA','SINARSARI','2024-05-09 15:14:38','2024-05-09 15:14:38',NULL),(23987,32,3201,320130,3201302004,'DRM','JAWA BARAT','BOGOR','DRAMAGA','SUKAWENING','2024-05-09 15:14:38','2024-05-09 15:14:38',NULL),(23988,32,3201,320130,3201302005,'DRM','JAWA BARAT','BOGOR','DRAMAGA','PETIR','2024-05-09 15:14:38','2024-05-09 15:14:38',NULL),(23989,32,3201,320130,3201302006,'DRM','JAWA BARAT','BOGOR','DRAMAGA','PURWASARI','2024-05-09 15:14:38','2024-05-09 15:14:38',NULL),(23990,32,3201,320130,3201302007,'DRM','JAWA BARAT','BOGOR','DRAMAGA','CIKARAWANG','2024-05-09 15:14:38','2024-05-09 15:14:38',NULL),(23991,32,3201,320130,3201302008,'DRM','JAWA BARAT','BOGOR','DRAMAGA','BABAKAN','2024-05-09 15:14:38','2024-05-09 15:14:38',NULL),(23992,32,3201,320130,3201302009,'DRM','JAWA BARAT','BOGOR','DRAMAGA','DRAMAGA','2024-05-09 15:14:38','2024-05-09 15:14:38',NULL),(23993,32,3201,320130,3201302010,'DRM','JAWA BARAT','BOGOR','DRAMAGA','NEGLASARI','2024-05-09 15:14:38','2024-05-09 15:14:38',NULL),(23994,32,3201,320131,3201312001,'TMSI','JAWA BARAT','BOGOR','TAMANSARI','SUKAMANTRI','2024-05-09 15:14:38','2024-05-09 15:14:38',NULL),(23995,32,3201,320131,3201312002,'TMSI','JAWA BARAT','BOGOR','TAMANSARI','SIRNAGALIH','2024-05-09 15:14:38','2024-05-09 15:14:38',NULL),(23996,32,3201,320131,3201312003,'TMSI','JAWA BARAT','BOGOR','TAMANSARI','PASIREURIH','2024-05-09 15:14:38','2024-05-09 15:14:38',NULL),(23997,32,3201,320131,3201312004,'TMSI','JAWA BARAT','BOGOR','TAMANSARI','TAMANSARI','2024-05-09 15:14:38','2024-05-09 15:14:38',NULL),(23998,32,3201,320131,3201312005,'TMSI','JAWA BARAT','BOGOR','TAMANSARI','SUKALUYU','2024-05-09 15:14:38','2024-05-09 15:14:38',NULL),(23999,32,3201,320131,3201312006,'TMSI','JAWA BARAT','BOGOR','TAMANSARI','SUKARESMI','2024-05-09 15:14:38','2024-05-09 15:14:38',NULL),(24000,32,3201,320131,3201312007,'TMSI','JAWA BARAT','BOGOR','TAMANSARI','SUKAJAYA','2024-05-09 15:14:38','2024-05-09 15:14:38',NULL),(24001,32,3201,320131,3201312008,'TMSI','JAWA BARAT','BOGOR','TAMANSARI','SUKAJADI','2024-05-09 15:14:38','2024-05-09 15:14:38',NULL),(24002,32,3201,320132,3201322001,NULL,'JAWA BARAT','BOGOR','KLAPANUNGGAL','KLAPANUNGGAL','2024-05-09 15:14:38','2024-05-09 15:14:38',NULL),(24003,32,3201,320132,3201322002,NULL,'JAWA BARAT','BOGOR','KLAPANUNGGAL','BOJONG','2024-05-09 15:14:38','2024-05-09 15:14:38',NULL),(24004,32,3201,320132,3201322003,NULL,'JAWA BARAT','BOGOR','KLAPANUNGGAL','NAMBO','2024-05-09 15:14:38','2024-05-09 15:14:38',NULL),(24005,32,3201,320132,3201322004,NULL,'JAWA BARAT','BOGOR','KLAPANUNGGAL','LULUT','2024-05-09 15:14:38','2024-05-09 15:14:38',NULL),(24006,32,3201,320132,3201322005,NULL,'JAWA BARAT','BOGOR','KLAPANUNGGAL','CIKAHURIPAN','2024-05-09 15:14:38','2024-05-09 15:14:38',NULL),(24007,32,3201,320132,3201322006,NULL,'JAWA BARAT','BOGOR','KLAPANUNGGAL','KEMBANG KUNING','2024-05-09 15:14:38','2024-05-09 15:14:38',NULL),(24008,32,3201,320132,3201322007,NULL,'JAWA BARAT','BOGOR','KLAPANUNGGAL','BANTAR JATI','2024-05-09 15:14:38','2024-05-09 15:14:38',NULL),(24009,32,3201,320132,3201322008,NULL,'JAWA BARAT','BOGOR','KLAPANUNGGAL','LEUWIKARET','2024-05-09 15:14:38','2024-05-09 15:14:38',NULL),(24010,32,3201,320132,3201322009,NULL,'JAWA BARAT','BOGOR','KLAPANUNGGAL','LIGARMUKTI','2024-05-09 15:14:38','2024-05-09 15:14:38',NULL),(24011,32,3201,320133,3201332001,'CSEG','JAWA BARAT','BOGOR','CISEENG','PUTAT NUTUG','2024-05-09 15:14:38','2024-05-09 15:14:38',NULL),(24012,32,3201,320133,3201332002,'CSEG','JAWA BARAT','BOGOR','CISEENG','CISEENG','2024-05-09 15:14:38','2024-05-09 15:14:38',NULL),(24013,32,3201,320133,3201332003,'CSEG','JAWA BARAT','BOGOR','CISEENG','PARIGI MEKAR','2024-05-09 15:14:38','2024-05-09 15:14:38',NULL),(24014,32,3201,320133,3201332004,'CSEG','JAWA BARAT','BOGOR','CISEENG','CIBENTANG','2024-05-09 15:14:38','2024-05-09 15:14:38',NULL),(24015,32,3201,320133,3201332005,'CSEG','JAWA BARAT','BOGOR','CISEENG','CIBEUTEUNG UDIK','2024-05-09 15:14:38','2024-05-09 15:14:38',NULL),(24016,32,3201,320133,3201332006,'CSEG','JAWA BARAT','BOGOR','CISEENG','KARIHKIL','2024-05-09 15:14:38','2024-05-09 15:14:38',NULL),(24017,32,3201,320133,3201332007,'CSEG','JAWA BARAT','BOGOR','CISEENG','BABAKAN','2024-05-09 15:14:38','2024-05-09 15:14:38',NULL),(24018,32,3201,320133,3201332008,'CSEG','JAWA BARAT','BOGOR','CISEENG','CIHOE','2024-05-09 15:14:38','2024-05-09 15:14:38',NULL),(24019,32,3201,320133,3201332009,'CSEG','JAWA BARAT','BOGOR','CISEENG','CIBEUTEUNG MUARA','2024-05-09 15:14:38','2024-05-09 15:14:38',NULL),(24020,32,3201,320133,3201332010,'CSEG','JAWA BARAT','BOGOR','CISEENG','KURIPAN','2024-05-09 15:14:38','2024-05-09 15:14:38',NULL),(24021,32,3201,320134,3201342001,'RCB','JAWA BARAT','BOGOR','RANCA BUNGUR','BANTARJAYA','2024-05-09 15:14:38','2024-05-09 15:14:38',NULL),(24022,32,3201,320134,3201342002,'RCB','JAWA BARAT','BOGOR','RANCA BUNGUR','BANTARSARI','2024-05-09 15:14:38','2024-05-09 15:14:38',NULL),(24023,32,3201,320134,3201342003,'RCB','JAWA BARAT','BOGOR','RANCA BUNGUR','PASIRGAOK','2024-05-09 15:14:38','2024-05-09 15:14:38',NULL),(24024,32,3201,320134,3201342004,'RCB','JAWA BARAT','BOGOR','RANCA BUNGUR','RANCABUNGUR','2024-05-09 15:14:38','2024-05-09 15:14:38',NULL),(24025,32,3201,320134,3201342005,'RCB','JAWA BARAT','BOGOR','RANCA BUNGUR','MEKARSARI','2024-05-09 15:14:38','2024-05-09 15:14:38',NULL),(24026,32,3201,320134,3201342006,'RCB','JAWA BARAT','BOGOR','RANCA BUNGUR','CANDALI','2024-05-09 15:14:38','2024-05-09 15:14:38',NULL),(24027,32,3201,320134,3201342007,'RCB','JAWA BARAT','BOGOR','RANCA BUNGUR','CIMULANG','2024-05-09 15:14:38','2024-05-09 15:14:38',NULL),(24028,32,3201,320135,3201352001,NULL,'JAWA BARAT','BOGOR','SUKAJAYA','CISARUA','2024-05-09 15:14:38','2024-05-09 15:14:38',NULL),(24029,32,3201,320135,3201352002,NULL,'JAWA BARAT','BOGOR','SUKAJAYA','KIARASARI','2024-05-09 15:14:38','2024-05-09 15:14:38',NULL),(24030,32,3201,320135,3201352003,NULL,'JAWA BARAT','BOGOR','SUKAJAYA','SUKAJAYA','2024-05-09 15:14:38','2024-05-09 15:14:38',NULL),(24031,32,3201,320135,3201352004,NULL,'JAWA BARAT','BOGOR','SUKAJAYA','SIPAYUNG','2024-05-09 15:14:38','2024-05-09 15:14:38',NULL),(24032,32,3201,320135,3201352005,NULL,'JAWA BARAT','BOGOR','SUKAJAYA','CILEUKSA','2024-05-09 15:14:38','2024-05-09 15:14:38',NULL),(24033,32,3201,320135,3201352006,NULL,'JAWA BARAT','BOGOR','SUKAJAYA','KIARAPANDAK','2024-05-09 15:14:38','2024-05-09 15:14:38',NULL),(24034,32,3201,320135,3201352007,NULL,'JAWA BARAT','BOGOR','SUKAJAYA','HARKATJAYA','2024-05-09 15:14:38','2024-05-09 15:14:38',NULL),(24035,32,3201,320135,3201352008,NULL,'JAWA BARAT','BOGOR','SUKAJAYA','SUKAMULIH','2024-05-09 15:14:38','2024-05-09 15:14:38',NULL),(24036,32,3201,320135,3201352009,NULL,'JAWA BARAT','BOGOR','SUKAJAYA','PASIR MADANG','2024-05-09 15:14:38','2024-05-09 15:14:38',NULL),(24037,32,3201,320135,3201352010,NULL,'JAWA BARAT','BOGOR','SUKAJAYA','URUG','2024-05-09 15:14:38','2024-05-09 15:14:38',NULL),(24038,32,3201,320135,3201352011,NULL,'JAWA BARAT','BOGOR','SUKAJAYA','JAYARAHARJA','2024-05-09 15:14:38','2024-05-09 15:14:38',NULL),(24039,32,3201,320136,3201362001,NULL,'JAWA BARAT','BOGOR','TANJUNGSARI','TANJUNGSARI','2024-05-09 15:14:38','2024-05-09 15:14:38',NULL),(24040,32,3201,320136,3201362002,NULL,'JAWA BARAT','BOGOR','TANJUNGSARI','SELAWANGI','2024-05-09 15:14:38','2024-05-09 15:14:38',NULL),(24041,32,3201,320136,3201362003,NULL,'JAWA BARAT','BOGOR','TANJUNGSARI','TANJUNGRASA','2024-05-09 15:14:38','2024-05-09 15:14:38',NULL),(24042,32,3201,320136,3201362004,NULL,'JAWA BARAT','BOGOR','TANJUNGSARI','ANTAJAYA','2024-05-09 15:14:38','2024-05-09 15:14:38',NULL),(24043,32,3201,320136,3201362005,NULL,'JAWA BARAT','BOGOR','TANJUNGSARI','PASIR TANJUNG','2024-05-09 15:14:38','2024-05-09 15:14:38',NULL),(24044,32,3201,320136,3201362006,NULL,'JAWA BARAT','BOGOR','TANJUNGSARI','CIBADAK','2024-05-09 15:14:38','2024-05-09 15:14:38',NULL),(24045,32,3201,320136,3201362007,NULL,'JAWA BARAT','BOGOR','TANJUNGSARI','SUKARASA','2024-05-09 15:14:38','2024-05-09 15:14:38',NULL),(24046,32,3201,320136,3201362008,NULL,'JAWA BARAT','BOGOR','TANJUNGSARI','SIRNASARI','2024-05-09 15:14:38','2024-05-09 15:14:38',NULL),(24047,32,3201,320136,3201362009,NULL,'JAWA BARAT','BOGOR','TANJUNGSARI','BUANAJAYA','2024-05-09 15:14:38','2024-05-09 15:14:38',NULL),(24048,32,3201,320136,3201362010,NULL,'JAWA BARAT','BOGOR','TANJUNGSARI','SIRNARASA','2024-05-09 15:14:38','2024-05-09 15:14:38',NULL),(24049,32,3201,320137,3201372001,'TJRH','JAWA BARAT','BOGOR','TAJURHALANG','TAJURHALANG','2024-05-09 15:14:38','2024-05-09 15:14:38',NULL),(24050,32,3201,320137,3201372002,'TJRH','JAWA BARAT','BOGOR','TAJURHALANG','CITAYAM','2024-05-09 15:14:38','2024-05-09 15:14:38',NULL),(24051,32,3201,320137,3201372003,'TJRH','JAWA BARAT','BOGOR','TAJURHALANG','SASAK PANJANG','2024-05-09 15:14:38','2024-05-09 15:14:38',NULL),(24052,32,3201,320137,3201372004,'TJRH','JAWA BARAT','BOGOR','TAJURHALANG','NANGGERANG','2024-05-09 15:14:38','2024-05-09 15:14:38',NULL),(24053,32,3201,320137,3201372005,'TJRH','JAWA BARAT','BOGOR','TAJURHALANG','SUKMAJAYA','2024-05-09 15:14:38','2024-05-09 15:14:38',NULL),(24054,32,3201,320137,3201372006,'TJRH','JAWA BARAT','BOGOR','TAJURHALANG','TONJONG','2024-05-09 15:14:38','2024-05-09 15:14:38',NULL),(24055,32,3201,320137,3201372007,'TJRH','JAWA BARAT','BOGOR','TAJURHALANG','KALISUREN','2024-05-09 15:14:38','2024-05-09 15:14:38',NULL),(24056,32,3201,320138,3201382001,'CIG','JAWA BARAT','BOGOR','CIGOMBONG','CIGOMBONG','2024-05-09 15:14:38','2024-05-09 15:14:38',NULL),(24057,32,3201,320138,3201382002,'CIG','JAWA BARAT','BOGOR','CIGOMBONG','WATESJAYA','2024-05-09 15:14:38','2024-05-09 15:14:38',NULL),(24058,32,3201,320138,3201382003,'CIG','JAWA BARAT','BOGOR','CIGOMBONG','CIBURUY','2024-05-09 15:14:38','2024-05-09 15:14:38',NULL),(24059,32,3201,320138,3201382004,'CIG','JAWA BARAT','BOGOR','CIGOMBONG','SROGOL','2024-05-09 15:14:38','2024-05-09 15:14:38',NULL),(24060,32,3201,320138,3201382005,'CIG','JAWA BARAT','BOGOR','CIGOMBONG','CISALADA','2024-05-09 15:14:38','2024-05-09 15:14:38',NULL),(24061,32,3201,320138,3201382006,'CIG','JAWA BARAT','BOGOR','CIGOMBONG','TUGUJAYA','2024-05-09 15:14:38','2024-05-09 15:14:38',NULL),(24062,32,3201,320138,3201382007,'CIG','JAWA BARAT','BOGOR','CIGOMBONG','PASIRJAYA','2024-05-09 15:14:38','2024-05-09 15:14:38',NULL),(24063,32,3201,320138,3201382008,'CIG','JAWA BARAT','BOGOR','CIGOMBONG','CIBURAYUT','2024-05-09 15:14:38','2024-05-09 15:14:38',NULL),(24064,32,3201,320138,3201382009,'CIG','JAWA BARAT','BOGOR','CIGOMBONG','CIADEG','2024-05-09 15:14:38','2024-05-09 15:14:38',NULL),(24065,32,3201,320139,3201392001,'LWS','JAWA BARAT','BOGOR','LEUWISADENG','LEUWISADENG','2024-05-09 15:14:38','2024-05-09 15:14:38',NULL),(24066,32,3201,320139,3201392002,'LWS','JAWA BARAT','BOGOR','LEUWISADENG','BABAKAN SADENG','2024-05-09 15:14:38','2024-05-09 15:14:38',NULL),(24067,32,3201,320139,3201392003,'LWS','JAWA BARAT','BOGOR','LEUWISADENG','SADENG KOLOT','2024-05-09 15:14:38','2024-05-09 15:14:38',NULL),(24068,32,3201,320139,3201392004,'LWS','JAWA BARAT','BOGOR','LEUWISADENG','WANGUNJAYA','2024-05-09 15:14:38','2024-05-09 15:14:38',NULL),(24069,32,3201,320139,3201392005,'LWS','JAWA BARAT','BOGOR','LEUWISADENG','KALONG I','2024-05-09 15:14:38','2024-05-09 15:14:38',NULL),(24070,32,3201,320139,3201392006,'LWS','JAWA BARAT','BOGOR','LEUWISADENG','KALONG II','2024-05-09 15:14:38','2024-05-09 15:14:38',NULL),(24071,32,3201,320139,3201392007,'LWS','JAWA BARAT','BOGOR','LEUWISADENG','SADENG','2024-05-09 15:14:38','2024-05-09 15:14:38',NULL),(24072,32,3201,320139,3201392008,'LWS','JAWA BARAT','BOGOR','LEUWISADENG','SIBANTENG','2024-05-09 15:14:38','2024-05-09 15:14:38',NULL),(24073,32,3201,320140,3201402001,'TJLY','JAWA BARAT','BOGOR','TENJOLAYA','TAPOS I','2024-05-09 15:14:38','2024-05-09 15:14:38',NULL),(24074,32,3201,320140,3201402002,'TJLY','JAWA BARAT','BOGOR','TENJOLAYA','TAPOS II','2024-05-09 15:14:38','2024-05-09 15:14:38',NULL),(24075,32,3201,320140,3201402003,'TJLY','JAWA BARAT','BOGOR','TENJOLAYA','CIBITUNG TENGAH','2024-05-09 15:14:38','2024-05-09 15:14:38',NULL),(24076,32,3201,320140,3201402004,'TJLY','JAWA BARAT','BOGOR','TENJOLAYA','SITUDAUN','2024-05-09 15:14:38','2024-05-09 15:14:38',NULL),(24077,32,3201,320140,3201402005,'TJLY','JAWA BARAT','BOGOR','TENJOLAYA','CINANGNENG','2024-05-09 15:14:38','2024-05-09 15:14:38',NULL),(24078,32,3201,320140,3201402006,'TJLY','JAWA BARAT','BOGOR','TENJOLAYA','GUNUNG MALANG','2024-05-09 15:14:38','2024-05-09 15:14:38',NULL),(24079,32,3201,320140,3201402007,'TJLY','JAWA BARAT','BOGOR','TENJOLAYA','GUNUNG MULYA','2024-05-09 15:14:38','2024-05-09 15:14:38',NULL),(29100,32,3271,327101,3271011001,'KBS','JAWA BARAT','KOTA BOGOR','BOGOR SELATAN','BATU TULIS','2024-05-09 15:14:38','2024-05-09 15:14:38',NULL),(29101,32,3271,327101,3271011002,'KBS','JAWA BARAT','KOTA BOGOR','BOGOR SELATAN','BONDONGAN','2024-05-09 15:14:38','2024-05-09 15:14:38',NULL),(29102,32,3271,327101,3271011003,'KBS','JAWA BARAT','KOTA BOGOR','BOGOR SELATAN','EMPANG','2024-05-09 15:14:38','2024-05-09 15:14:38',NULL),(29103,32,3271,327101,3271011004,'KBS','JAWA BARAT','KOTA BOGOR','BOGOR SELATAN','LAWANGGINTUNG','2024-05-09 15:14:38','2024-05-09 15:14:38',NULL),(29104,32,3271,327101,3271011005,'KBS','JAWA BARAT','KOTA BOGOR','BOGOR SELATAN','PAMOYANAN','2024-05-09 15:14:38','2024-05-09 15:14:38',NULL),(29105,32,3271,327101,3271011006,'KBS','JAWA BARAT','KOTA BOGOR','BOGOR SELATAN','RANGGA MEKAR','2024-05-09 15:14:38','2024-05-09 15:14:38',NULL),(29106,32,3271,327101,3271011007,'KBS','JAWA BARAT','KOTA BOGOR','BOGOR SELATAN','MULYA HARJA','2024-05-09 15:14:38','2024-05-09 15:14:38',NULL),(29107,32,3271,327101,3271011008,'KBS','JAWA BARAT','KOTA BOGOR','BOGOR SELATAN','CIKARET','2024-05-09 15:14:38','2024-05-09 15:14:38',NULL),(29108,32,3271,327101,3271011009,'KBS','JAWA BARAT','KOTA BOGOR','BOGOR SELATAN','BOJONG KERTA','2024-05-09 15:14:38','2024-05-09 15:14:38',NULL),(29109,32,3271,327101,3271011010,'KBS','JAWA BARAT','KOTA BOGOR','BOGOR SELATAN','RANCAMAYA','2024-05-09 15:14:38','2024-05-09 15:14:38',NULL),(29110,32,3271,327101,3271011011,'KBS','JAWA BARAT','KOTA BOGOR','BOGOR SELATAN','KERTAMAYA','2024-05-09 15:14:38','2024-05-09 15:14:38',NULL),(29111,32,3271,327101,3271011012,'KBS','JAWA BARAT','KOTA BOGOR','BOGOR SELATAN','HARJASARI','2024-05-09 15:14:38','2024-05-09 15:14:38',NULL),(29112,32,3271,327101,3271011013,'KBS','JAWA BARAT','KOTA BOGOR','BOGOR SELATAN','MUARA SARI','2024-05-09 15:14:38','2024-05-09 15:14:38',NULL),(29113,32,3271,327101,3271011014,'KBS','JAWA BARAT','KOTA BOGOR','BOGOR SELATAN','GENTENG','2024-05-09 15:14:38','2024-05-09 15:14:38',NULL),(29114,32,3271,327101,3271011015,'KBS','JAWA BARAT','KOTA BOGOR','BOGOR SELATAN','PAKUAN','2024-05-09 15:14:38','2024-05-09 15:14:38',NULL),(29115,32,3271,327101,3271011016,'KBS','JAWA BARAT','KOTA BOGOR','BOGOR SELATAN','CIPAKU','2024-05-09 15:14:38','2024-05-09 15:14:38',NULL),(29116,32,3271,327102,3271021001,'KBT','JAWA BARAT','KOTA BOGOR','BOGOR TIMUR','SUKASARI','2024-05-09 15:14:38','2024-05-09 15:14:38',NULL),(29117,32,3271,327102,3271021002,'KBT','JAWA BARAT','KOTA BOGOR','BOGOR TIMUR','BARANANGSIANG','2024-05-09 15:14:38','2024-05-09 15:14:38',NULL),(29118,32,3271,327102,3271021003,'KBT','JAWA BARAT','KOTA BOGOR','BOGOR TIMUR','KATULAMPA','2024-05-09 15:14:38','2024-05-09 15:14:38',NULL),(29119,32,3271,327102,3271021004,'KBT','JAWA BARAT','KOTA BOGOR','BOGOR TIMUR','SINDANGSARI','2024-05-09 15:14:38','2024-05-09 15:14:38',NULL),(29120,32,3271,327102,3271021005,'KBT','JAWA BARAT','KOTA BOGOR','BOGOR TIMUR','SINDANGRASA','2024-05-09 15:14:38','2024-05-09 15:14:38',NULL),(29121,32,3271,327102,3271021006,'KBT','JAWA BARAT','KOTA BOGOR','BOGOR TIMUR','TAJUR','2024-05-09 15:14:38','2024-05-09 15:14:38',NULL),(29122,32,3271,327103,3271031001,'KBTH','JAWA BARAT','KOTA BOGOR','BOGOR TENGAH','GUDANG','2024-05-09 15:14:38','2024-05-09 15:14:38',NULL),(29123,32,3271,327103,3271031002,'KBTH','JAWA BARAT','KOTA BOGOR','BOGOR TENGAH','PALEDANG','2024-05-09 15:14:38','2024-05-09 15:14:38',NULL),(29124,32,3271,327103,3271031003,'KBTH','JAWA BARAT','KOTA BOGOR','BOGOR TENGAH','PABATON','2024-05-09 15:14:38','2024-05-09 15:14:38',NULL),(29125,32,3271,327103,3271031004,'KBTH','JAWA BARAT','KOTA BOGOR','BOGOR TENGAH','CIBOGOR','2024-05-09 15:14:38','2024-05-09 15:14:38',NULL),(29126,32,3271,327103,3271031005,'KBTH','JAWA BARAT','KOTA BOGOR','BOGOR TENGAH','BABAKAN','2024-05-09 15:14:38','2024-05-09 15:14:38',NULL),(29127,32,3271,327103,3271031006,'KBTH','JAWA BARAT','KOTA BOGOR','BOGOR TENGAH','SEMPUR','2024-05-09 15:14:38','2024-05-09 15:14:38',NULL),(29128,32,3271,327103,3271031007,'KBTH','JAWA BARAT','KOTA BOGOR','BOGOR TENGAH','TEGALLEGA','2024-05-09 15:14:38','2024-05-09 15:14:38',NULL),(29129,32,3271,327103,3271031008,'KBTH','JAWA BARAT','KOTA BOGOR','BOGOR TENGAH','BABAKAN PASAR','2024-05-09 15:14:38','2024-05-09 15:14:38',NULL),(29130,32,3271,327103,3271031009,'KBTH','JAWA BARAT','KOTA BOGOR','BOGOR TENGAH','PANARAGAN','2024-05-09 15:14:38','2024-05-09 15:14:38',NULL),(29131,32,3271,327103,3271031010,'KBTH','JAWA BARAT','KOTA BOGOR','BOGOR TENGAH','CIWARINGIN','2024-05-09 15:14:38','2024-05-09 15:14:38',NULL),(29132,32,3271,327103,3271031011,'KBTH','JAWA BARAT','KOTA BOGOR','BOGOR TENGAH','KEBON KALAPA','2024-05-09 15:14:38','2024-05-09 15:14:38',NULL),(29133,32,3271,327104,3271041001,'KBR','JAWA BARAT','KOTA BOGOR','BOGOR BARAT','MENTENG','2024-05-09 15:14:38','2024-05-09 15:14:38',NULL),(29134,32,3271,327104,3271041002,'KBR','JAWA BARAT','KOTA BOGOR','BOGOR BARAT','SINDANG BARANG','2024-05-09 15:14:38','2024-05-09 15:14:38',NULL),(29135,32,3271,327104,3271041003,'KBR','JAWA BARAT','KOTA BOGOR','BOGOR BARAT','BUBULAK','2024-05-09 15:14:38','2024-05-09 15:14:38',NULL),(29136,32,3271,327104,3271041004,'KBR','JAWA BARAT','KOTA BOGOR','BOGOR BARAT','MARGA JAYA','2024-05-09 15:14:38','2024-05-09 15:14:38',NULL),(29137,32,3271,327104,3271041005,'KBR','JAWA BARAT','KOTA BOGOR','BOGOR BARAT','BALUMBANG JAYA','2024-05-09 15:14:38','2024-05-09 15:14:38',NULL),(29138,32,3271,327104,3271041006,'KBR','JAWA BARAT','KOTA BOGOR','BOGOR BARAT','SITU GEDE','2024-05-09 15:14:38','2024-05-09 15:14:38',NULL),(29139,32,3271,327104,3271041007,'KBR','JAWA BARAT','KOTA BOGOR','BOGOR BARAT','SEMPLAK','2024-05-09 15:14:38','2024-05-09 15:14:38',NULL),(29140,32,3271,327104,3271041008,'KBR','JAWA BARAT','KOTA BOGOR','BOGOR BARAT','CILENDEK BARAT','2024-05-09 15:14:38','2024-05-09 15:14:38',NULL),(29141,32,3271,327104,3271041009,'KBR','JAWA BARAT','KOTA BOGOR','BOGOR BARAT','CILENDEK TIMUR','2024-05-09 15:14:38','2024-05-09 15:14:38',NULL),(29142,32,3271,327104,3271041010,'KBR','JAWA BARAT','KOTA BOGOR','BOGOR BARAT','CURUG MEKAR','2024-05-09 15:14:38','2024-05-09 15:14:38',NULL),(29143,32,3271,327104,3271041011,'KBR','JAWA BARAT','KOTA BOGOR','BOGOR BARAT','CURUG','2024-05-09 15:14:38','2024-05-09 15:14:38',NULL),(29144,32,3271,327104,3271041012,'KBR','JAWA BARAT','KOTA BOGOR','BOGOR BARAT','PASIR JAYA','2024-05-09 15:14:38','2024-05-09 15:14:38',NULL),(29145,32,3271,327104,3271041013,'KBR','JAWA BARAT','KOTA BOGOR','BOGOR BARAT','PASIR KUDA','2024-05-09 15:14:38','2024-05-09 15:14:38',NULL),(29146,32,3271,327104,3271041014,'KBR','JAWA BARAT','KOTA BOGOR','BOGOR BARAT','PASIR MULYA','2024-05-09 15:14:38','2024-05-09 15:14:38',NULL),(29147,32,3271,327104,3271041015,'KBR','JAWA BARAT','KOTA BOGOR','BOGOR BARAT','GUNUNG BATU','2024-05-09 15:14:38','2024-05-09 15:14:38',NULL),(29148,32,3271,327104,3271041016,'KBR','JAWA BARAT','KOTA BOGOR','BOGOR BARAT','LOJI','2024-05-09 15:14:38','2024-05-09 15:14:38',NULL),(29149,32,3271,327105,3271051001,'KBU','JAWA BARAT','KOTA BOGOR','BOGOR UTARA','BANTARJATI','2024-05-09 15:14:38','2024-05-09 15:14:38',NULL),(29150,32,3271,327105,3271051002,'KBU','JAWA BARAT','KOTA BOGOR','BOGOR UTARA','TEGAL GUNDIL','2024-05-09 15:14:38','2024-05-09 15:14:38',NULL),(29151,32,3271,327105,3271051003,'KBU','JAWA BARAT','KOTA BOGOR','BOGOR UTARA','KEDUNG HALANG','2024-05-09 15:14:38','2024-05-09 15:14:38',NULL),(29152,32,3271,327105,3271051004,'KBU','JAWA BARAT','KOTA BOGOR','BOGOR UTARA','CIPARIGI','2024-05-09 15:14:38','2024-05-09 15:14:38',NULL),(29153,32,3271,327105,3271051005,'KBU','JAWA BARAT','KOTA BOGOR','BOGOR UTARA','CIBULUH','2024-05-09 15:14:38','2024-05-09 15:14:38',NULL),(29154,32,3271,327105,3271051006,'KBU','JAWA BARAT','KOTA BOGOR','BOGOR UTARA','CILUAR','2024-05-09 15:14:38','2024-05-09 15:14:38',NULL),(29155,32,3271,327105,3271051007,'KBU','JAWA BARAT','KOTA BOGOR','BOGOR UTARA','TANAH BARU','2024-05-09 15:14:38','2024-05-09 15:14:38',NULL),(29156,32,3271,327105,3271051008,'KBU','JAWA BARAT','KOTA BOGOR','BOGOR UTARA','CIMAHPAR','2024-05-09 15:14:38','2024-05-09 15:14:38',NULL),(29157,32,3271,327106,3271061001,'KTS','JAWA BARAT','KOTA BOGOR','TANAH SAREAL','TANAH SAREAL','2024-05-09 15:14:38','2024-05-09 15:14:38',NULL),(29158,32,3271,327106,3271061002,'KTS','JAWA BARAT','KOTA BOGOR','TANAH SAREAL','KEBON PEDES','2024-05-09 15:14:38','2024-05-09 15:14:38',NULL),(29159,32,3271,327106,3271061003,'KTS','JAWA BARAT','KOTA BOGOR','TANAH SAREAL','KEDUNG BADAK','2024-05-09 15:14:38','2024-05-09 15:14:38',NULL),(29160,32,3271,327106,3271061004,'KTS','JAWA BARAT','KOTA BOGOR','TANAH SAREAL','SUKARESMI','2024-05-09 15:14:38','2024-05-09 15:14:38',NULL),(29161,32,3271,327106,3271061005,'KTS','JAWA BARAT','KOTA BOGOR','TANAH SAREAL','KEDUNG WARINGIN','2024-05-09 15:14:38','2024-05-09 15:14:38',NULL),(29162,32,3271,327106,3271061006,'KTS','JAWA BARAT','KOTA BOGOR','TANAH SAREAL','KEDUNG JAYA','2024-05-09 15:14:38','2024-05-09 15:14:38',NULL),(29163,32,3271,327106,3271061007,'KTS','JAWA BARAT','KOTA BOGOR','TANAH SAREAL','SUKADAMAI','2024-05-09 15:14:38','2024-05-09 15:14:38',NULL),(29164,32,3271,327106,3271061008,'KTS','JAWA BARAT','KOTA BOGOR','TANAH SAREAL','MEKAR WANGI','2024-05-09 15:14:38','2024-05-09 15:14:38',NULL),(29165,32,3271,327106,3271061009,'KTS','JAWA BARAT','KOTA BOGOR','TANAH SAREAL','KENCANA','2024-05-09 15:14:38','2024-05-09 15:14:38',NULL),(29166,32,3271,327106,3271061010,'KTS','JAWA BARAT','KOTA BOGOR','TANAH SAREAL','KAYU MANIS','2024-05-09 15:14:38','2024-05-09 15:14:38',NULL),(29167,32,3271,327106,3271061011,'KTS','JAWA BARAT','KOTA BOGOR','TANAH SAREAL','CIBADAK','2024-05-09 15:14:38','2024-05-09 15:14:38',NULL);
/*!40000 ALTER TABLE `sub_districts` ENABLE KEYS */;
UNLOCK TABLES;

--
-- Table structure for table `users`
--

DROP TABLE IF EXISTS `users`;
/*!40101 SET @saved_cs_client     = @@character_set_client */;
/*!50503 SET character_set_client = utf8mb4 */;
CREATE TABLE `users` (
  `id` char(36) COLLATE utf8mb4_unicode_ci NOT NULL,
  `name` varchar(100) COLLATE utf8mb4_unicode_ci NOT NULL,
  `username` varchar(100) COLLATE utf8mb4_unicode_ci NOT NULL,
  `phone` varchar(15) COLLATE utf8mb4_unicode_ci NOT NULL,
  `password` varchar(255) COLLATE utf8mb4_unicode_ci NOT NULL,
  `category_id` smallint unsigned NOT NULL,
  `remember_token` varchar(100) COLLATE utf8mb4_unicode_ci DEFAULT NULL,
  `created_at` timestamp NULL DEFAULT NULL,
  `updated_at` timestamp NULL DEFAULT NULL,
  `deleted_at` timestamp NULL DEFAULT NULL,
  PRIMARY KEY (`id`),
  UNIQUE KEY `users_username_unique` (`username`),
  UNIQUE KEY `users_phone_unique` (`phone`)
) ENGINE=InnoDB DEFAULT CHARSET=utf8mb4 COLLATE=utf8mb4_unicode_ci;
/*!40101 SET character_set_client = @saved_cs_client */;

--
-- Dumping data for table `users`
--

LOCK TABLES `users` WRITE;
/*!40000 ALTER TABLE `users` DISABLE KEYS */;
INSERT INTO `users` VALUES ('0cfeeb6b-72d7-48d8-b9d3-65429748ae24','Iman','iman','628122324748','$2y$12$3SCuYvDRJm4tiTUtOMCi/e9uURJ6K4qihP.W5bv7Nog2Rrt0zsFfS',17,NULL,'2025-01-01 07:08:12','2025-01-01 07:08:12',NULL),('0ef1b058-74f5-4665-832d-2b104bfa6b58','Rani','rani','62813237343745','$2y$12$fyS0Yi8IB/lJgH4Xmdkxo.W3nlZ/egH75MmjPFSwFq1kF1jf2ygG.',18,NULL,'2025-01-01 07:03:29','2025-01-01 07:03:29',NULL),('21af6c86-882b-4d43-83c5-b868b29ba0b3','Malih','malih','628434323321','$2y$12$EsvdrHX0nXtua9tb7KVY7OmrnjKsPbR2cd4hZHjy7.zWUzLaUcOU.',20,NULL,'2025-01-01 07:06:51','2025-01-01 07:06:51',NULL),('21af6c86-882b-4d43-83c5-b868b29ba0b4','Kristi','Kristi','628434323322','$2y$12$EsvdrHX0nXtua9tb7KVY7OmrnjKsPbR2cd4hZHjy7.zWUzLaUcOU.',21,NULL,'2025-01-01 07:06:51','2025-01-01 07:06:51',NULL),('21af6c86-882b-4d43-83c5-b868b29ba0b5','Sueb','sueb','628434323323','$2y$12$EsvdrHX0nXtua9tb7KVY7OmrnjKsPbR2cd4hZHjy7.zWUzLaUcOU.',19,NULL,'2025-01-01 07:06:51','2025-01-01 07:06:51',NULL),('4e2c844c-54c3-4ec8-b62f-072dd1883492','Facere tenetur aut s','Id ipsa sunt at ull','62812843430545','$2y$12$KS4pXu4dS/B7QQsZxN/smeRta06oitEox.V3VBp60NW4eqh.RATOO',21,NULL,'2025-01-22 01:22:17','2025-01-22 01:22:17',NULL),('e6faf8c9-c369-4cbb-b99c-f0166ad9da29','Rizal Pamungkas 1','super.admin','6281288616004','$2y$12$EsvdrHX0nXtua9tb7KVY7OmrnjKsPbR2cd4hZHjy7.zWUzLaUcOU.',22,NULL,'2024-12-31 22:52:09','2025-07-08 13:25:21',NULL);
/*!40000 ALTER TABLE `users` ENABLE KEYS */;
UNLOCK TABLES;

--
-- Dumping events for database 'credit'
--

--
-- Dumping routines for database 'credit'
--
/*!40103 SET TIME_ZONE=@OLD_TIME_ZONE */;

/*!40101 SET SQL_MODE=@OLD_SQL_MODE */;
/*!40014 SET FOREIGN_KEY_CHECKS=@OLD_FOREIGN_KEY_CHECKS */;
/*!40014 SET UNIQUE_CHECKS=@OLD_UNIQUE_CHECKS */;
/*!40101 SET CHARACTER_SET_CLIENT=@OLD_CHARACTER_SET_CLIENT */;
/*!40101 SET CHARACTER_SET_RESULTS=@OLD_CHARACTER_SET_RESULTS */;
/*!40101 SET COLLATION_CONNECTION=@OLD_COLLATION_CONNECTION */;
/*!40111 SET SQL_NOTES=@OLD_SQL_NOTES */;

-- Dump completed on 2025-08-16 16:04:29
